edad,sexo,tipo_universidad,prom_estudio_dia,prom_dia_whatsapp,prom_ciclo_pasado,ciclo,total_cursos_actuales,actividad_extracurricular_actual,horas_ejercicio_semanal,horas_sueño_xnoche,red_mas_usada,tiempo_max_sin_redes_dia,notificaciones_estudio_diario,dias_redes_antes_de_dormir,tipo_contenido_redes_sociales,satisfaccion_interaccion_social_presencial,afecta_concentracion_rendimiento,impacto_redes_actividades_extracurriculares,impacto_redes_salud_mental,momento_uso_redes_sociales,uso_redes_academicas,satisfaccion_rendimiento_academico,interaccion_persona_amigos_redes,frecuencia_descubrimiento_actividades_redes,prom_dia_instagram,prom_dia_tiktok,prom_dia_linkedin,prom_dia_x
18,Femenino,Privada,3,Entre 1-3 horas,17,3,6,No participo en ninguna,1,5,Tiktok,2,9,7,Entretenimiento,3,5,Motiva,4,Madrugada (12am-6am),Sí,3,0,3,Entre 1-3 horas,Entre 6-9 horas,0 horas (no lo uso),Entre 1-3 horas
21,Femenino,Privada,4,Entre 3-6 horas,14,6,5,Deportes,14,7,Tiktok,2,20,7,Socializar,5,3,Motiva,5,Noche(6pm-12 am),Sí,4,6,4,Entre 3-6 horas,Entre 3-6 horas,0 horas (no lo uso),0 horas (no lo uso)
24,Masculino,Pública,1.5,Entre 1-3 horas,17,6,7,Deportes,10,7,Whatsapp,5,10,7,Entretenimiento,5,3,Motiva,4,Noche(6pm-12 am),Sí,4,25,4,Entre 1-3 horas,Entre 1-3 horas,0 horas (no lo uso),0 horas (no lo uso)
23,Femenino,Privada,3.5,NA,12.61,10,7,Voluntariado,1,8,Facebook / meta,3,20,5,Entretenimiento,3,4,Motiva,5,Mañana (6am-11:59 am),Sí,2,5,5,0 horas (no lo uso),Entre 3-6 horas,Entre 1-3 horas,0 horas (no lo uso)
18,Femenino,Privada,10,Entre 9-12 horas,16.8,4,7,Voluntariado,0,5,Whatsapp,1,10,7,Entretenimiento,3,3,Desmotiva,4,Noche(6pm-12 am),Sí,2,2,3,Entre 6-9 horas,Entre 1-3 horas,0 horas (no lo uso),0 horas (no lo uso)
18,Masculino,Pública,1,Entre 3-6 horas,0,1,6,Deportes,20,6,Whatsapp,2,25,7,Entretenimiento,5,3,Motiva,4,Tarde (12 pm - 6pm),Sí,4,15,4,Entre 3-6 horas,Entre 3-6 horas,0 horas (no lo uso),Entre 1-3 horas
23,Masculino,Privada,4,Entre 3-6 horas,14,6,6,Voluntariado,4,8,Whatsapp,1,20,6,Entretenimiento,3,4,Motiva,4,Noche(6pm-12 am),No,2,2,4,Entre 3-6 horas,Entre 3-6 horas,0 horas (no lo uso),Entre 3-6 horas
22,Femenino,Pública,5,Entre 1-3 horas,14,5,6,No participo en ninguna,2,7,Whatsapp,1,4,6,Entretenimiento,5,4,Motiva,4,Noche(6pm-12 am),Sí,4,2,5,Entre 1-3 horas,Entre 1-3 horas,0 horas (no lo uso),0 horas (no lo uso)
18,Masculino,Privada,4,Entre 1-3 horas,15,3,5,No participo en ninguna,1,6,Whatsapp,2,6,5,Entretenimiento,3,4,No tiene efecto,2,Noche(6pm-12 am),Sí,3,3,4,Entre 1-3 horas,0 horas (no lo uso),0 horas (no lo uso),0 horas (no lo uso)
21,Masculino,Privada,3,Entre 1-3 horas,13.89,3,5,Club Académico,2,7,Whatsapp,2,10,5,Entretenimiento,2,3,No tiene efecto,3,Tarde (12 pm - 6pm),Sí,2,0,2,Entre 1-3 horas,0 horas (no lo uso),0 horas (no lo uso),0 horas (no lo uso)
18,Masculino,Privada,2.5,Entre 1-3 horas,17,3,5,Deportes,6,6,Whatsapp,1,10,7,Entretenimiento,4,2,Desmotiva,1,Tarde (12 pm - 6pm),Sí,4,2,1,0 horas (no lo uso),0 horas (no lo uso),0 horas (no lo uso),0 horas (no lo uso)
19,Masculino,Pública,5,Entre 1-3 horas,18,6,6,No participo en ninguna,5,7,Tiktok,3,10,7,Entretenimiento,4,3,No tiene efecto,3,Noche(6pm-12 am),Sí,3,0,1,Entre 1-3 horas,Entre 3-6 horas,0 horas (no lo uso),0 horas (no lo uso)
24,Femenino,Privada,4,Entre 3-6 horas,17.02,10,6,No participo en ninguna,10,8,Whatsapp,3,7,7,Socializar,4,3,No tiene efecto,3,Noche(6pm-12 am),No,4,7,3,Entre 1-3 horas,Entre 3-6 horas,0 horas (no lo uso),0 horas (no lo uso)
21,Masculino,Privada,1,Entre 3-6 horas,13.9,6,7,Deportes,2,6,Whatsapp,1,15,7,Entretenimiento,3,3,No tiene efecto,3,Tarde (12 pm - 6pm),Sí,3,5,3,Entre 1-3 horas,Entre 1-3 horas,0 horas (no lo uso),Entre 1-3 horas
18,Femenino,Privada,1.5,Entre 1-3 horas,17,6,1,Deportes,6,8,Instagram,6,2,2,Noticias,5,3,No tiene efecto,2,Tarde (12 pm - 6pm),Sí,5,2,2,Entre 1-3 horas,0 horas (no lo uso),Entre 1-3 horas,Entre 3-6 horas
18,Femenino,Pública,10,Entre 3-6 horas,0,1,6,No participo en ninguna,0,6,Whatsapp,3,20,6,Entretenimiento,4,4,No tiene efecto,2,Tarde (12 pm - 6pm),Sí,3,0,4,Entre 1-3 horas,Entre 1-3 horas,0 horas (no lo uso),0 horas (no lo uso)
20,Femenino,Privada,3,Entre 3-6 horas,12,4,4,Deportes,11,8,Whatsapp,2,10,7,Socializar,5,4,No tiene efecto,5,Mañana (6am-11:59 am),Sí,5,2,5,Entre 1-3 horas,0 horas (no lo uso),Entre 1-3 horas,0 horas (no lo uso)
18,Masculino,Pública,3,Entre 3-6 horas,0,1,6,No participo en ninguna,7,4,Tiktok,2,10,7,Entretenimiento,4,3,No tiene efecto,3,Noche(6pm-12 am),No,3,5,3,0 horas (no lo uso),Entre 3-6 horas,0 horas (no lo uso),0 horas (no lo uso)
19,Femenino,Pública,9,Entre 6-9 horas,17,5,8,No participo en ninguna,2,6,Whatsapp,5,3,3,Entretenimiento,3,1,No tiene efecto,2,Noche(6pm-12 am),Sí,5,2,2,0 horas (no lo uso),Entre 1-3 horas,0 horas (no lo uso),0 horas (no lo uso)
19,Masculino,Privada,1,Entre 1-3 horas,11.5,3,4,No participo en ninguna,2,6,Tiktok,0,20,7,Entretenimiento,1,4,Desmotiva,5,Noche(6pm-12 am),Sí,2,0,2,Entre 1-3 horas,Entre 3-6 horas,0 horas (no lo uso),0 horas (no lo uso)
18,Femenino,Privada,2,Entre 1-3 horas,0,1,5,Club Académico,1,8,Tiktok,8,5,2,Entretenimiento,5,2,No tiene efecto,5,Noche(6pm-12 am),Sí,4,0,4,Entre 1-3 horas,Entre 1-3 horas,0 horas (no lo uso),0 horas (no lo uso)
19,Femenino,Privada,6,Entre 6-9 horas,0,2,8,Música,2,7,Tiktok,5,20,2,Socializar,4,5,Motiva,1,Tarde (12 pm - 6pm),No,5,2,4,Entre 6-9 horas,Entre 6-9 horas,0 horas (no lo uso),0 horas (no lo uso)
19,Masculino,Pública,10,Entre 1-3 horas,10,2,6,Deportes,3,7,Whatsapp,12,3,7,Académico,5,1,Motiva,3,Mañana (6am-11:59 am),Sí,3,0,5,0 horas (no lo uso),Entre 1-3 horas,0 horas (no lo uso),0 horas (no lo uso)
19,Masculino,Privada,4,Entre 6-9 horas,14.6,2,7,Deportes,5,7,Whatsapp,3,5,7,Socializar,3,3,Motiva,3,Noche(6pm-12 am),Sí,4,10,3,Entre 1-3 horas,Entre 1-3 horas,0 horas (no lo uso),0 horas (no lo uso)
21,Femenino,Privada,3,Entre 9-12 horas,16.8,8,6,No participo en ninguna,3,6,Whatsapp,3,40,7,Académico,5,2,No tiene efecto,2,Tarde (12 pm - 6pm),Sí,5,100,3,0 horas (no lo uso),Entre 1-3 horas,0 horas (no lo uso),0 horas (no lo uso)
17,Masculino,Privada,2.5,Entre 1-3 horas,20,1,6,Deportes,10,7,Tiktok,5,7,1,Entretenimiento,4,4,Desmotiva,2,Tarde (12 pm - 6pm),Sí,4,4,2,0 horas (no lo uso),Entre 1-3 horas,0 horas (no lo uso),0 horas (no lo uso)
18,Femenino,Privada,5,Entre 3-6 horas,16,3,5,No participo en ninguna,2,5,Instagram,2,6,4,Entretenimiento,5,4,Desmotiva,3,Tarde (12 pm - 6pm),Sí,4,0,3,Entre 1-3 horas,Entre 1-3 horas,0 horas (no lo uso),0 horas (no lo uso)
29,Masculino,Pública,3,Entre 1-3 horas,14,9,8,No participo en ninguna,6,8,Instagram,15,0,5,Noticias,5,2,No tiene efecto,1,Noche(6pm-12 am),Sí,4,0,4,Entre 1-3 horas,0 horas (no lo uso),Entre 1-3 horas,Entre 1-3 horas
21,Femenino,Privada,5,Entre 3-6 horas,14.7,3,4,Arte,0,8,Whatsapp,3,20,7,Socializar,5,3,No tiene efecto,5,Tarde (12 pm - 6pm),Sí,3,3,3,Entre 3-6 horas,Entre 3-6 horas,0 horas (no lo uso),0 horas (no lo uso)
21,Masculino,Pública,7,Entre 3-6 horas,14,8,7,No participo en ninguna,2,5,Whatsapp,3,2,7,Noticias,4,4,Motiva,4,Tarde (12 pm - 6pm),Sí,3,7,4,Entre 1-3 horas,Entre 1-3 horas,0 horas (no lo uso),Entre 1-3 horas
18,Masculino,Pública,20,Entre 6-9 horas,20,10,8,No participo en ninguna,23,1,Otro,23,23,7,Noticias,1,1,No tiene efecto,1,Mañana (6am-11:59 am),No,1,NA,1,Entre 6-9 horas,Entre 6-9 horas,Entre 6-9 horas,Entre 6-9 horas
20,Femenino,Privada,7,Entre 1-3 horas,13,3,5,Deportes,3,4,Whatsapp,3,5,7,Entretenimiento,3,4,No tiene efecto,4,Tarde (12 pm - 6pm),Sí,2,2,3,0 horas (no lo uso),Entre 1-3 horas,0 horas (no lo uso),Entre 1-3 horas
22,Masculino,Privada,2,Entre 1-3 horas,16,6,6,Deportes,12,7,Instagram,2,10,7,Entretenimiento,4,3,Motiva,3,Noche(6pm-12 am),Sí,4,2,3,Entre 3-6 horas,Entre 1-3 horas,0 horas (no lo uso),0 horas (no lo uso)
20,Masculino,Pública,8,Entre 1-3 horas,11.75,4,7,No participo en ninguna,0,8,Whatsapp,1,3,1,Entretenimiento,3,4,No tiene efecto,3,Tarde (12 pm - 6pm),Sí,3,3,2,0 horas (no lo uso),0 horas (no lo uso),0 horas (no lo uso),0 horas (no lo uso)
23,Masculino,Pública,1,Entre 3-6 horas,12.3,4,7,No participo en ninguna,3,6,X (Twitter),4,10,7,Entretenimiento,2,5,Desmotiva,5,Noche(6pm-12 am),Sí,2,0,1,0 horas (no lo uso),0 horas (no lo uso),0 horas (no lo uso),Entre 1-3 horas
18,Femenino,Privada,2,Entre 3-6 horas,0,1,6,No participo en ninguna,2,7,Instagram,3,4,7,Socializar,4,3,No tiene efecto,2,Noche(6pm-12 am),Sí,3,3,4,Entre 6-9 horas,Entre 6-9 horas,0 horas (no lo uso),Entre 1-3 horas
19,Masculino,Pública,5,Entre 6-9 horas,15.1,2,5,Arte,5,6,Whatsapp,3,7,5,Entretenimiento,4,3,No tiene efecto,4,Tarde (12 pm - 6pm),Sí,3,15,3,0 horas (no lo uso),0 horas (no lo uso),NA,Entre 3-6 horas
20,Masculino,Pública,2,Entre 1-3 horas,10.8,3,3,No participo en ninguna,3,6,X (Twitter),5,5,6,Entretenimiento,4,4,No tiene efecto,4,Noche(6pm-12 am),Sí,2,1,2,0 horas (no lo uso),0 horas (no lo uso),0 horas (no lo uso),Entre 1-3 horas
23,Femenino,Pública,2.5,Entre 3-6 horas,7,4,3,Club Académico,1,6,Whatsapp,4,1,5,Académico,2,5,Motiva,4,Noche(6pm-12 am),Sí,2,0,3,Entre 1-3 horas,Entre 1-3 horas,0 horas (no lo uso),0 horas (no lo uso)
20,Femenino,Pública,3.5,Entre 3-6 horas,0,1,4,Arte,2,8,Tiktok,2,8,7,Entretenimiento,4,4,Motiva,5,Tarde (12 pm - 6pm),Sí,5,3,5,0 horas (no lo uso),Entre 1-3 horas,Entre 3-6 horas,Entre 6-9 horas
18,Masculino,Privada,5,0 horas (no lo uso),13,3,6,Deportes,15,4,Instagram,1,60,7,Entretenimiento,3,5,Motiva,4,Tarde (12 pm - 6pm),Sí,3,10,3,Entre 1-3 horas,Entre 3-6 horas,0 horas (no lo uso),0 horas (no lo uso)
18,Femenino,Privada,4,Entre 1-3 horas,0,1,6,Música,7,8,Instagram,4,5,7,Entretenimiento,4,3,No tiene efecto,2,Noche(6pm-12 am),Sí,3,2,5,Entre 3-6 horas,Entre 1-3 horas,0 horas (no lo uso),Entre 1-3 horas
23,Masculino,Privada,5.3,Entre 1-3 horas,17,7,6,No participo en ninguna,3,8,Tiktok,2,2,4,Entretenimiento,4,2,No tiene efecto,2,Noche(6pm-12 am),Sí,4,10,3,0 horas (no lo uso),Entre 1-3 horas,0 horas (no lo uso),0 horas (no lo uso)
23,Masculino,Pública,6,Entre 1-3 horas,15,7,7,Deportes,5,7,Instagram,2,3,5,Noticias,5,4,Motiva,5,Noche(6pm-12 am),Sí,4,3,4,Entre 1-3 horas,Entre 1-3 horas,0 horas (no lo uso),0 horas (no lo uso)
22,Femenino,Privada,3,Entre 3-6 horas,18,3,7,Voluntariado,5,7,Instagram,5,0,7,Entretenimiento,4,4,No tiene efecto,4,Noche(6pm-12 am),Sí,4,3,4,Entre 3-6 horas,Entre 3-6 horas,Entre 1-3 horas,Entre 1-3 horas
18,Masculino,Privada,4,Entre 3-6 horas,16,3,6,Deportes,10,7,Whatsapp,3,20,6,Socializar,4,2,No tiene efecto,1,Noche(6pm-12 am),Sí,3,3,3,0 horas (no lo uso),Entre 1-3 horas,0 horas (no lo uso),0 horas (no lo uso)
24,Femenino,Privada,3,Entre 3-6 horas,17,9,5,No participo en ninguna,2,7,Tiktok,2,9,7,Entretenimiento,3,3,No tiene efecto,3,Noche(6pm-12 am),Sí,3,1,3,Entre 1-3 horas,Entre 6-9 horas,Entre 1-3 horas,0 horas (no lo uso)
24,Masculino,Pública,6,Entre 3-6 horas,13,5,6,Deportes,2,6,Facebook / meta,1,10,7,Entretenimiento,4,5,Desmotiva,5,Noche(6pm-12 am),Sí,4,2,2,Entre 1-3 horas,Entre 1-3 horas,0 horas (no lo uso),0 horas (no lo uso)
18,Masculino,Privada,2,Entre 3-6 horas,14.1,3,6,No participo en ninguna,2,5,Tiktok,2,10,7,Entretenimiento,5,3,No tiene efecto,5,Tarde (12 pm - 6pm),Sí,3,15,3,Entre 3-6 horas,Entre 6-9 horas,0 horas (no lo uso),0 horas (no lo uso)
23,Femenino,Privada,4,Entre 1-3 horas,13.5,7,4,Deportes,8,7,Whatsapp,2,2,3,Entretenimiento,3,3,Motiva,2,Tarde (12 pm - 6pm),Sí,3,0,3,Entre 1-3 horas,Entre 1-3 horas,Entre 1-3 horas,0 horas (no lo uso)
18,Femenino,Pública,4,Entre 6-9 horas,0,1,4,Arte,10,8,Whatsapp,5,4,5,Académico,3,3,Motiva,4,Tarde (12 pm - 6pm),Sí,4,2,3,Entre 1-3 horas,Entre 1-3 horas,0 horas (no lo uso),Entre 1-3 horas
22,Masculino,Privada,6,Entre 1-3 horas,14.44,4,5,Deportes,4,7,Whatsapp,1,6,7,Entretenimiento,4,3,Motiva,5,Noche(6pm-12 am),Sí,4,2,4,Entre 1-3 horas,0 horas (no lo uso),0 horas (no lo uso),Entre 1-3 horas
21,Masculino,Privada,6,Entre 3-6 horas,12,6,4,Deportes,2,6,Tiktok,3,7,7,Entretenimiento,4,3,Motiva,3,Tarde (12 pm - 6pm),Sí,2,5,NA,Entre 3-6 horas,Entre 3-6 horas,0 horas (no lo uso),0 horas (no lo uso)
19,Masculino,Pública,2,Entre 1-3 horas,13.8,5,6,Deportes,4,5,Discord,1,6,7,Entretenimiento,3,2,No tiene efecto,3,Noche(6pm-12 am),Sí,4,2,3,Entre 1-3 horas,Entre 3-6 horas,Entre 1-3 horas,Entre 1-3 horas
23,Masculino,Privada,2,Entre 3-6 horas,18,5,5,Deportes,1,6,Whatsapp,2,3,1,Noticias,4,1,Motiva,1,Mañana (6am-11:59 am),Sí,4,3,4,Entre 1-3 horas,Entre 1-3 horas,0 horas (no lo uso),0 horas (no lo uso)
22,Masculino,Privada,2,Entre 1-3 horas,14,4,5,Deportes,10,6,Whatsapp,24,10,1,Entretenimiento,3,5,Desmotiva,5,Tarde (12 pm - 6pm),Sí,2,4,4,Entre 1-3 horas,0 horas (no lo uso),0 horas (no lo uso),Entre 1-3 horas
22,Masculino,Pública,6,Entre 6-9 horas,13,5,7,Deportes,3,5,Instagram,1,3,7,Entretenimiento,4,4,Motiva,2,Tarde (12 pm - 6pm),Sí,4,0,5,Entre 3-6 horas,Entre 3-6 horas,Entre 9-12 horas,0 horas (no lo uso)
18,Masculino,Privada,5,0 horas (no lo uso),13,3,6,Deportes,0,0,Tiktok,4,40,2,Socializar,5,4,Desmotiva,4,Tarde (12 pm - 6pm),No,4,2,1,0 horas (no lo uso),0 horas (no lo uso),0 horas (no lo uso),0 horas (no lo uso)
24,Masculino,Privada,4,Entre 6-9 horas,18,2,6,Deportes,8,8,Whatsapp,2,10,7,Entretenimiento,5,1,Motiva,1,Noche(6pm-12 am),Sí,5,6,5,0 horas (no lo uso),Entre 6-9 horas,0 horas (no lo uso),0 horas (no lo uso)
23,Masculino,Pública,3,Entre 3-6 horas,14.6,6,7,No participo en ninguna,14,7,Whatsapp,5,8,4,Entretenimiento,3,2,No tiene efecto,4,Noche(6pm-12 am),No,3,70,4,0 horas (no lo uso),Entre 6-9 horas,0 horas (no lo uso),Entre 1-3 horas
21,Femenino,Privada,2,Entre 6-9 horas,15,6,3,Voluntariado,3,5,Tiktok,5,3,7,Entretenimiento,3,3,Motiva,3,Noche(6pm-12 am),Sí,3,4,3,Entre 1-3 horas,Entre 3-6 horas,0 horas (no lo uso),0 horas (no lo uso)
18,Masculino,Privada,2,Entre 9-12 horas,17.4,2,5,No participo en ninguna,3,5,Tiktok,23,6,3,Entretenimiento,3,4,No tiene efecto,5,Mañana (6am-11:59 am),Sí,3,0,4,Entre 1-3 horas,Entre 3-6 horas,Entre 1-3 horas,0 horas (no lo uso)
18,Masculino,Privada,2,Entre 3-6 horas,15,4,5,No participo en ninguna,4,7,Facebook / meta,5,50,7,Entretenimiento,2,3,No tiene efecto,3,Noche(6pm-12 am),Sí,3,6,4,Entre 1-3 horas,0 horas (no lo uso),0 horas (no lo uso),0 horas (no lo uso)
18,Femenino,Privada,6,Entre 6-9 horas,0,1,7,Arte,6,8,Whatsapp,10,7,7,Socializar,3,3,No tiene efecto,3,Noche(6pm-12 am),Sí,3,10,4,Entre 3-6 horas,Entre 1-3 horas,0 horas (no lo uso),Entre 3-6 horas
21,Masculino,Privada,1,Entre 3-6 horas,15,5,6,Arte,4,5,Linkedin,6,1,7,Académico,4,4,No tiene efecto,3,Madrugada (12am-6am),Sí,3,12,3,0 horas (no lo uso),Entre 1-3 horas,Entre 1-3 horas,0 horas (no lo uso)
22,Masculino,Privada,2,Entre 1-3 horas,16,10,5,No participo en ninguna,2,7,Facebook / meta,2,8,7,Entretenimiento,4,4,Desmotiva,3,Noche(6pm-12 am),Sí,4,2,2,0 horas (no lo uso),0 horas (no lo uso),Entre 1-3 horas,Entre 1-3 horas
20,Masculino,Privada,1.6,Entre 1-3 horas,16,5,5,Deportes,6,6,X (Twitter),8,4,4,Entretenimiento,3,3,Motiva,3,Mañana (6am-11:59 am),Sí,3,6,3,0 horas (no lo uso),Entre 1-3 horas,0 horas (no lo uso),Entre 1-3 horas
20,Masculino,Privada,2,NA,11.8,4,6,No participo en ninguna,0,6,Whatsapp,3,7,7,Entretenimiento,5,2,No tiene efecto,4,Noche(6pm-12 am),Sí,3,1,4,Entre 1-3 horas,Entre 6-9 horas,0 horas (no lo uso),0 horas (no lo uso)
19,Masculino,Privada,4,Entre 3-6 horas,16.43,5,6,Club Académico,1,6,Whatsapp,3,10,4,Académico,5,2,Motiva,3,Tarde (12 pm - 6pm),Sí,5,0,4,Entre 1-3 horas,0 horas (no lo uso),Entre 1-3 horas,0 horas (no lo uso)
18,Masculino,Privada,5,Entre 3-6 horas,15.5,2,7,No participo en ninguna,2,6,Whatsapp,3,7,6,Entretenimiento,4,5,Motiva,3,Noche(6pm-12 am),Sí,3,0,4,Entre 1-3 horas,NA,0 horas (no lo uso),0 horas (no lo uso)
23,Masculino,Privada,5,Entre 3-6 horas,14,9,3,No participo en ninguna,0,5,Tiktok,12,5,7,Académico,5,1,No tiene efecto,1,Noche(6pm-12 am),No,4,0,3,0 horas (no lo uso),Entre 3-6 horas,0 horas (no lo uso),0 horas (no lo uso)
19,Femenino,Privada,13,Entre 1-3 horas,15.15,3,5,Voluntariado,2,7,Whatsapp,1,30,7,Noticias,5,4,Motiva,3,Noche(6pm-12 am),Sí,3,2,4,Entre 1-3 horas,Entre 1-3 horas,Entre 1-3 horas,Entre 1-3 horas
20,Masculino,Privada,4,Entre 1-3 horas,16.7,5,8,No participo en ninguna,8,6,Tiktok,5,10,4,Entretenimiento,4,2,Motiva,3,Noche(6pm-12 am),Sí,4,4,3,0 horas (no lo uso),Entre 3-6 horas,Entre 1-3 horas,0 horas (no lo uso)
22,Masculino,Privada,5,Entre 1-3 horas,15,4,7,Música,3,6,X (Twitter),1,10,6,Entretenimiento,3,3,Motiva,3,Tarde (12 pm - 6pm),Sí,3,2,3,Entre 1-3 horas,Entre 1-3 horas,0 horas (no lo uso),Entre 1-3 horas
22,Femenino,Privada,10,0 horas (no lo uso),13,2,5,Arte,2,8,Whatsapp,2,4,2,Noticias,2,2,Motiva,3,Mañana (6am-11:59 am),Sí,2,2,2,0 horas (no lo uso),0 horas (no lo uso),0 horas (no lo uso),0 horas (no lo uso)
18,Masculino,Privada,2.5,Entre 1-3 horas,14,3,5,No participo en ninguna,2,6,Whatsapp,1,10,7,Entretenimiento,4,3,Desmotiva,2,Tarde (12 pm - 6pm),Sí,3,3,3,Entre 1-3 horas,Entre 1-3 horas,0 horas (no lo uso),0 horas (no lo uso)
22,Femenino,Privada,8,Entre 3-6 horas,14,7,6,No participo en ninguna,1,6,Whatsapp,2,10,7,Noticias,2,4,Motiva,4,Noche(6pm-12 am),Sí,3,1,4,Entre 1-3 horas,Entre 1-3 horas,0 horas (no lo uso),0 horas (no lo uso)
21,Femenino,Privada,1,Entre 1-3 horas,17.3,8,6,Club Académico,2,7,Tiktok,2,15,7,Entretenimiento,5,5,Motiva,2,Noche(6pm-12 am),Sí,2,0,2,Entre 1-3 horas,Entre 1-3 horas,0 horas (no lo uso),0 horas (no lo uso)
18,Masculino,Pública,6,Entre 3-6 horas,11,3,6,No participo en ninguna,2,6,Whatsapp,4,5,4,Entretenimiento,4,5,Motiva,1,Noche(6pm-12 am),Sí,2,5,3,Entre 3-6 horas,0 horas (no lo uso),0 horas (no lo uso),0 horas (no lo uso)
23,Masculino,Pública,1,Entre 3-6 horas,10.98,9,4,No participo en ninguna,9,5,Facebook / meta,2,40,7,Entretenimiento,5,5,No tiene efecto,2,Noche(6pm-12 am),No,2,0,3,0 horas (no lo uso),0 horas (no lo uso),0 horas (no lo uso),0 horas (no lo uso)
21,Masculino,Privada,4,Entre 6-9 horas,1,9,7,Música,7,8,Whatsapp,2,NA,7,Entretenimiento,4,4,Desmotiva,4,Noche(6pm-12 am),Sí,3,2,3,Entre 6-9 horas,Entre 6-9 horas,Entre 6-9 horas,Entre 6-9 horas
23,Masculino,Pública,2,Entre 1-3 horas,8.98,4,5,No participo en ninguna,0,7,Tiktok,2,10,7,Entretenimiento,3,5,No tiene efecto,4,Noche(6pm-12 am),No,2,0,3,0 horas (no lo uso),Entre 1-3 horas,0 horas (no lo uso),Entre 1-3 horas
23,Masculino,Privada,7,Entre 1-3 horas,15.8,10,3,Club Académico,8,6,Whatsapp,12,5,7,Socializar,4,3,Motiva,3,Noche(6pm-12 am),Sí,4,5,3,Entre 1-3 horas,Entre 1-3 horas,0 horas (no lo uso),0 horas (no lo uso)
22,Masculino,Privada,5,Entre 1-3 horas,20,4,4,Deportes,2,5,Telegram,3,1,1,Entretenimiento,2,1,Motiva,1,Noche(6pm-12 am),No,4,2,3,Entre 1-3 horas,Entre 3-6 horas,NA,0 horas (no lo uso)
21,Femenino,Pública,1,Entre 3-6 horas,16,5,8,Voluntariado,0,8,Tiktok,2,4,7,Entretenimiento,5,5,Motiva,5,Mañana (6am-11:59 am),Sí,5,10,5,Entre 3-6 horas,Entre 3-6 horas,0 horas (no lo uso),0 horas (no lo uso)
19,Femenino,Privada,4.5,Entre 1-3 horas,18,5,7,No participo en ninguna,1,5,Whatsapp,3,5,5,Entretenimiento,4,3,Motiva,3,Noche(6pm-12 am),Sí,4,0,2,Entre 1-3 horas,Entre 1-3 horas,0 horas (no lo uso),Entre 1-3 horas
24,Femenino,Privada,3,Entre 3-6 horas,14,4,3,Deportes,4,6,Tiktok,2,3,7,Entretenimiento,4,3,No tiene efecto,3,Noche(6pm-12 am),Sí,4,0,3,Entre 1-3 horas,Entre 3-6 horas,Entre 1-3 horas,0 horas (no lo uso)
18,Femenino,Pública,1,Entre 3-6 horas,0,1,6,No participo en ninguna,3,5,Whatsapp,2,5,7,Entretenimiento,4,5,Desmotiva,5,Noche(6pm-12 am),No,2,3,2,0 horas (no lo uso),Entre 6-9 horas,0 horas (no lo uso),Entre 3-6 horas
19,Femenino,Privada,3,Entre 9-12 horas,13,5,5,No participo en ninguna,0,5,Instagram,2,6,7,Entretenimiento,3,4,No tiene efecto,3,Noche(6pm-12 am),Sí,3,2,3,Entre 6-9 horas,Entre 9-12 horas,0 horas (no lo uso),0 horas (no lo uso)
19,Masculino,Privada,5,Entre 1-3 horas,12.48,4,5,No participo en ninguna,0,5,Whatsapp,0,5,2,Entretenimiento,4,5,Desmotiva,5,Tarde (12 pm - 6pm),Sí,3,7,4,0 horas (no lo uso),0 horas (no lo uso),0 horas (no lo uso),0 horas (no lo uso)
19,Masculino,Privada,2,Entre 3-6 horas,15,3,6,No participo en ninguna,1,6,Whatsapp,1,7,7,Entretenimiento,4,5,Desmotiva,5,Noche(6pm-12 am),Sí,2,30,3,Entre 1-3 horas,Entre 6-9 horas,0 horas (no lo uso),0 horas (no lo uso)
17,Masculino,Pública,1,Entre 6-9 horas,0,1,7,No participo en ninguna,0,5,Whatsapp,1,20,7,Entretenimiento,4,3,Desmotiva,3,Noche(6pm-12 am),Sí,3,0,1,0 horas (no lo uso),0 horas (no lo uso),Entre 1-3 horas,0 horas (no lo uso)
19,Masculino,Pública,5,Entre 6-9 horas,12,3,5,No participo en ninguna,3,6,Whatsapp,3,3,6,Entretenimiento,3,4,No tiene efecto,3,Tarde (12 pm - 6pm),Sí,3,3,3,0 horas (no lo uso),Entre 1-3 horas,0 horas (no lo uso),0 horas (no lo uso)
22,Femenino,Privada,10,Entre 6-9 horas,13,8,6,No participo en ninguna,2,6,Instagram,3,4,3,Entretenimiento,4,4,Motiva,4,Noche(6pm-12 am),Sí,4,0,4,Entre 1-3 horas,Entre 6-9 horas,Entre 3-6 horas,0 horas (no lo uso)
25,Femenino,Pública,10,Entre 1-3 horas,14,3,5,Deportes,15,6,Whatsapp,4,4,7,Noticias,3,5,Motiva,3,Noche(6pm-12 am),Sí,3,5,3,Entre 1-3 horas,0 horas (no lo uso),0 horas (no lo uso),0 horas (no lo uso)
22,Femenino,Privada,10,Entre 1-3 horas,0,1,7,No participo en ninguna,1,6,Tiktok,15,30,7,Entretenimiento,3,2,No tiene efecto,1,Noche(6pm-12 am),Sí,4,0,3,Entre 1-3 horas,Entre 1-3 horas,0 horas (no lo uso),Entre 1-3 horas
18,Masculino,Privada,1.5,Entre 1-3 horas,15,10,5,No participo en ninguna,5,7,Instagram,6,5,7,Entretenimiento,5,2,Motiva,4,Noche(6pm-12 am),No,4,5,3,Entre 1-3 horas,0 horas (no lo uso),Entre 3-6 horas,Entre 1-3 horas
20,Masculino,Privada,4,Entre 6-9 horas,15.5,6,6,Voluntariado,2,6,Whatsapp,5,2,7,Socializar,4,2,Motiva,3,Tarde (12 pm - 6pm),Sí,4,1,3,Entre 1-3 horas,0 horas (no lo uso),0 horas (no lo uso),0 horas (no lo uso)
21,Femenino,Privada,8,Entre 1-3 horas,16,9,4,No participo en ninguna,0,5,Tiktok,5,20,7,Entretenimiento,4,5,No tiene efecto,4,Noche(6pm-12 am),Sí,2,0,3,Entre 1-3 horas,Entre 1-3 horas,0 horas (no lo uso),0 horas (no lo uso)
18,Masculino,Privada,3,Entre 1-3 horas,14,3,6,No participo en ninguna,4,8,Discord,4,4,4,Entretenimiento,1,4,No tiene efecto,3,Tarde (12 pm - 6pm),Sí,5,0,1,Entre 1-3 horas,Entre 1-3 horas,0 horas (no lo uso),0 horas (no lo uso)
21,Femenino,Pública,1,Entre 1-3 horas,17.29,5,7,Arte,1,7,X (Twitter),3,5,7,Entretenimiento,4,5,Desmotiva,2,Noche(6pm-12 am),Sí,3,4,3,Entre 3-6 horas,0 horas (no lo uso),0 horas (no lo uso),Entre 3-6 horas
19,Masculino,Privada,3,Entre 3-6 horas,16,1,6,Deportes,14,7,Whatsapp,24,0,0,Entretenimiento,2,1,Motiva,1,Tarde (12 pm - 6pm),Sí,3,5,3,Entre 1-3 horas,0 horas (no lo uso),0 horas (no lo uso),0 horas (no lo uso)
21,Masculino,Privada,2,Entre 3-6 horas,15.8,8,7,No participo en ninguna,2,8,Instagram,4,10,7,Entretenimiento,4,5,No tiene efecto,4,Noche(6pm-12 am),Sí,3,5,3,Entre 6-9 horas,0 horas (no lo uso),0 horas (no lo uso),0 horas (no lo uso)
25,Femenino,Pública,4,Entre 6-9 horas,15.4,7,4,Voluntariado,1,7,Tiktok,2,4,7,Entretenimiento,3,3,Desmotiva,3,Noche(6pm-12 am),Sí,2,2,4,Entre 3-6 horas,Entre 9-12 horas,0 horas (no lo uso),0 horas (no lo uso)
18,Masculino,Privada,4,Entre 1-3 horas,12,3,6,No participo en ninguna,2,5,Whatsapp,0,20,3,Socializar,4,3,Motiva,2,Tarde (12 pm - 6pm),Sí,3,0,3,Entre 1-3 horas,0 horas (no lo uso),0 horas (no lo uso),0 horas (no lo uso)
25,Masculino,Privada,4,Entre 1-3 horas,11.4,5,6,Deportes,1,6,Whatsapp,1,3,7,Noticias,4,3,No tiene efecto,4,Noche(6pm-12 am),Sí,2,2,3,0 horas (no lo uso),Entre 1-3 horas,0 horas (no lo uso),0 horas (no lo uso)
18,Femenino,Pública,3,Entre 1-3 horas,0,1,7,No participo en ninguna,1,8,Whatsapp,1,2,7,Entretenimiento,3,2,Desmotiva,4,Tarde (12 pm - 6pm),Sí,3,0,2,Entre 1-3 horas,Entre 1-3 horas,Entre 1-3 horas,Entre 1-3 horas
18,Masculino,Privada,3,Entre 3-6 horas,14.75,5,6,Club Académico,4,6,Instagram,2,2,7,Entretenimiento,5,4,No tiene efecto,3,Tarde (12 pm - 6pm),No,2,0,2,Entre 1-3 horas,0 horas (no lo uso),0 horas (no lo uso),Entre 1-3 horas
28,Femenino,Pública,6,Entre 3-6 horas,0,1,8,Arte,2,6,Otro,2,2,4,Académico,2,2,No tiene efecto,2,Noche(6pm-12 am),No,3,5,2,Entre 1-3 horas,0 horas (no lo uso),Entre 3-6 horas,0 horas (no lo uso)
21,Femenino,Privada,7.5,Entre 3-6 horas,14.86,8,6,Voluntariado,3,7,Whatsapp,2,10,6,Entretenimiento,3,4,No tiene efecto,4,Tarde (12 pm - 6pm),Sí,3,9,4,Entre 1-3 horas,Entre 1-3 horas,0 horas (no lo uso),0 horas (no lo uso)
22,Femenino,Privada,6,Entre 3-6 horas,15,7,6,Voluntariado,4,5,Whatsapp,2,15,7,Académico,4,3,Motiva,4,Noche(6pm-12 am),Sí,4,0,4,Entre 1-3 horas,Entre 1-3 horas,0 horas (no lo uso),0 horas (no lo uso)
20,Masculino,Privada,4,Entre 1-3 horas,0,1,8,No participo en ninguna,3,5,Whatsapp,2,5,2,Noticias,4,3,No tiene efecto,4,Noche(6pm-12 am),Sí,3,0,4,Entre 1-3 horas,Entre 1-3 horas,0 horas (no lo uso),Entre 1-3 horas
21,Masculino,Privada,1,Entre 3-6 horas,13,4,6,No participo en ninguna,1,7,Whatsapp,1,20,7,Entretenimiento,5,5,Desmotiva,5,Noche(6pm-12 am),Sí,1,5,1,0 horas (no lo uso),Entre 3-6 horas,0 horas (no lo uso),0 horas (no lo uso)
18,Femenino,Privada,4,NA,17,3,6,No participo en ninguna,1,4,Tiktok,1,10,7,Entretenimiento,5,3,Motiva,3,Noche(6pm-12 am),Sí,4,1,5,0 horas (no lo uso),Entre 3-6 horas,0 horas (no lo uso),Entre 1-3 horas
21,Femenino,Privada,3,Entre 1-3 horas,15,6,5,Música,6,7,X (Twitter),6,3,3,Socializar,5,5,No tiene efecto,4,Noche(6pm-12 am),No,4,20,3,Entre 3-6 horas,Entre 1-3 horas,Entre 3-6 horas,Entre 3-6 horas
17,Masculino,Privada,1,Entre 3-6 horas,17.28,3,4,No participo en ninguna,0,6,Whatsapp,24,0,7,Noticias,3,5,Desmotiva,5,Madrugada (12am-6am),Sí,1,0,1,0 horas (no lo uso),0 horas (no lo uso),0 horas (no lo uso),0 horas (no lo uso)
20,Femenino,Privada,5,Entre 3-6 horas,13.98,6,7,No participo en ninguna,1,6,Whatsapp,2,10,6,Académico,3,2,No tiene efecto,2,Tarde (12 pm - 6pm),Sí,3,1,1,0 horas (no lo uso),Entre 1-3 horas,0 horas (no lo uso),0 horas (no lo uso)
18,Masculino,Privada,2,Entre 3-6 horas,13,8,3,Deportes,2,8,Tiktok,5,1,6,Socializar,4,2,Motiva,3,Noche(6pm-12 am),Sí,5,3,1,Entre 3-6 horas,Entre 3-6 horas,Entre 3-6 horas,Entre 3-6 horas
19,Femenino,Privada,2,Entre 3-6 horas,16.5,5,8,Voluntariado,2,8,Whatsapp,2,0,5,Entretenimiento,1,2,No tiene efecto,1,Tarde (12 pm - 6pm),Sí,2,3,2,Entre 1-3 horas,Entre 3-6 horas,0 horas (no lo uso),0 horas (no lo uso)
16,Masculino,Pública,1,Entre 9-12 horas,3,2,8,No participo en ninguna,24,2,Telegram,1,30,7,Entretenimiento,5,1,No tiene efecto,1,Tarde (12 pm - 6pm),No,5,2,1,Entre 9-12 horas,Entre 9-12 horas,Entre 9-12 horas,Entre 9-12 horas
23,Masculino,Privada,2,Entre 3-6 horas,13,4,5,Deportes,8,4,Discord,0,20,7,Entretenimiento,3,2,Motiva,3,Noche(6pm-12 am),Sí,3,10,3,Entre 1-3 horas,Entre 3-6 horas,0 horas (no lo uso),0 horas (no lo uso)
22,Masculino,Privada,2.5,Entre 6-9 horas,15.86,10,2,No participo en ninguna,1,8,Whatsapp,2,20,4,Entretenimiento,4,4,No tiene efecto,4,Noche(6pm-12 am),Sí,4,10,2,Entre 1-3 horas,Entre 3-6 horas,Entre 3-6 horas,0 horas (no lo uso)
25,Masculino,Pública,2,Entre 3-6 horas,12,9,5,Voluntariado,1,5,Whatsapp,12,10,7,Académico,3,3,No tiene efecto,3,Noche(6pm-12 am),Sí,3,6,4,Entre 1-3 horas,Entre 1-3 horas,Entre 1-3 horas,Entre 1-3 horas
21,Masculino,Pública,5,Entre 1-3 horas,10,3,4,No participo en ninguna,3,5,Whatsapp,1,20,7,Académico,4,5,Desmotiva,3,Tarde (12 pm - 6pm),Sí,2,1,1,0 horas (no lo uso),Entre 1-3 horas,0 horas (no lo uso),0 horas (no lo uso)
21,Femenino,Privada,6,Entre 3-6 horas,17,2,5,Voluntariado,0,8,Tiktok,6,20,7,Entretenimiento,5,1,No tiene efecto,4,Noche(6pm-12 am),Sí,5,3,2,Entre 1-3 horas,Entre 3-6 horas,Entre 1-3 horas,0 horas (no lo uso)
18,Masculino,Privada,2,Entre 1-3 horas,15,5,5,Voluntariado,7,7,Discord,3,10,7,Entretenimiento,4,3,No tiene efecto,3,Noche(6pm-12 am),Sí,3,5,3,Entre 3-6 horas,Entre 9-12 horas,0 horas (no lo uso),Entre 9-12 horas
22,Masculino,Pública,1,Entre 1-3 horas,0,1,6,No participo en ninguna,2,6,Instagram,2,10,7,Entretenimiento,4,5,No tiene efecto,5,Noche(6pm-12 am),Sí,2,0,2,Entre 1-3 horas,0 horas (no lo uso),0 horas (no lo uso),0 horas (no lo uso)
27,Masculino,Privada,3,Entre 9-12 horas,16.5,10,3,Deportes,2,8,Instagram,5,7,7,Noticias,4,2,No tiene efecto,2,Noche(6pm-12 am),Sí,5,7,5,Entre 9-12 horas,Entre 9-12 horas,Entre 9-12 horas,NA
25,Masculino,Privada,1,Entre 1-3 horas,16,8,4,Deportes,7,6,Instagram,3,15,7,Entretenimiento,3,4,No tiene efecto,3,Noche(6pm-12 am),Sí,4,0,1,Entre 1-3 horas,Entre 1-3 horas,Entre 1-3 horas,0 horas (no lo uso)
20,Femenino,Privada,4,Entre 3-6 horas,13,8,6,No participo en ninguna,1,5,Whatsapp,2,9,3,Entretenimiento,5,2,No tiene efecto,4,Noche(6pm-12 am),Sí,4,1,1,0 horas (no lo uso),Entre 1-3 horas,0 horas (no lo uso),0 horas (no lo uso)
18,Masculino,Privada,2,Entre 3-6 horas,0,1,7,No participo en ninguna,8,7,Whatsapp,4,8,6,Entretenimiento,3,2,No tiene efecto,1,Noche(6pm-12 am),Sí,4,4,4,Entre 3-6 horas,Entre 1-3 horas,Entre 1-3 horas,0 horas (no lo uso)
18,Femenino,Privada,1,Entre 1-3 horas,17.9,3,6,No participo en ninguna,4,7,Tiktok,3,0,7,Entretenimiento,2,4,No tiene efecto,3,Noche(6pm-12 am),Sí,3,0,2,0 horas (no lo uso),Entre 1-3 horas,0 horas (no lo uso),Entre 1-3 horas
18,Femenino,Privada,6,Entre 6-9 horas,15.1,4,4,Voluntariado,4,7,Instagram,10,20,5,Entretenimiento,4,4,No tiene efecto,4,Madrugada (12am-6am),Sí,2,12,4,Entre 3-6 horas,0 horas (no lo uso),0 horas (no lo uso),0 horas (no lo uso)
18,Femenino,Privada,5,Entre 1-3 horas,6,6,2,No participo en ninguna,1,7,Whatsapp,1,2,7,Entretenimiento,3,4,Motiva,2,Noche(6pm-12 am),No,3,5,5,Entre 1-3 horas,Entre 1-3 horas,Entre 1-3 horas,Entre 1-3 horas
22,Masculino,Privada,6,Entre 1-3 horas,15,4,7,No participo en ninguna,2,8,Whatsapp,10,0,7,Entretenimiento,5,1,No tiene efecto,3,Noche(6pm-12 am),No,3,0,1,Entre 1-3 horas,0 horas (no lo uso),0 horas (no lo uso),0 horas (no lo uso)
18,Femenino,Privada,5,Entre 3-6 horas,18.8,3,6,Voluntariado,2,5,Whatsapp,6,10,5,Entretenimiento,3,2,Desmotiva,4,Noche(6pm-12 am),Sí,4,0,3,Entre 3-6 horas,Entre 3-6 horas,0 horas (no lo uso),0 horas (no lo uso)
20,Femenino,Privada,8,Entre 1-3 horas,14.8,8,4,Deportes,8,7,Instagram,2,70,7,Entretenimiento,4,5,No tiene efecto,5,Noche(6pm-12 am),Sí,3,0,4,Entre 9-12 horas,0 horas (no lo uso),0 horas (no lo uso),Entre 6-9 horas
22,Masculino,Privada,4,Entre 3-6 horas,15,3,4,No participo en ninguna,6,6,Facebook / meta,1,50,7,Entretenimiento,4,5,No tiene efecto,4,Tarde (12 pm - 6pm),Sí,3,2,3,0 horas (no lo uso),Entre 1-3 horas,0 horas (no lo uso),0 horas (no lo uso)
18,Femenino,Pública,8,Entre 1-3 horas,9,3,5,No participo en ninguna,6,7,Tiktok,5,4,4,Entretenimiento,5,3,Motiva,2,Noche(6pm-12 am),Sí,4,4,3,Entre 1-3 horas,Entre 1-3 horas,0 horas (no lo uso),0 horas (no lo uso)
21,Femenino,Privada,4,Entre 3-6 horas,17.9,4,8,No participo en ninguna,5,6,Whatsapp,4,4,7,Entretenimiento,3,2,No tiene efecto,1,Noche(6pm-12 am),Sí,5,3,2,Entre 1-3 horas,Entre 3-6 horas,0 horas (no lo uso),0 horas (no lo uso)
22,Masculino,Privada,2,Entre 1-3 horas,17,9,6,Deportes,9,6,Instagram,2,10,7,Entretenimiento,5,3,Motiva,2,Noche(6pm-12 am),Sí,3,10,3,Entre 3-6 horas,Entre 1-3 horas,0 horas (no lo uso),Entre 1-3 horas
22,Masculino,Privada,3,Entre 1-3 horas,14,4,6,Deportes,5,6,Tiktok,3,10,7,Entretenimiento,4,3,Motiva,4,Noche(6pm-12 am),Sí,4,0,4,Entre 1-3 horas,Entre 1-3 horas,0 horas (no lo uso),0 horas (no lo uso)
26,Masculino,Pública,4,Entre 3-6 horas,15,10,6,Club Académico,3,7,Whatsapp,1,20,7,Entretenimiento,4,4,No tiene efecto,4,Tarde (12 pm - 6pm),Sí,4,10,2,0 horas (no lo uso),0 horas (no lo uso),0 horas (no lo uso),0 horas (no lo uso)
19,Femenino,Privada,5,Entre 1-3 horas,14,6,7,No participo en ninguna,1,4,Whatsapp,3,10,3,Entretenimiento,3,4,No tiene efecto,4,Tarde (12 pm - 6pm),Sí,3,1,4,Entre 1-3 horas,0 horas (no lo uso),0 horas (no lo uso),0 horas (no lo uso)
21,Femenino,Pública,3,Entre 9-12 horas,0,1,5,No participo en ninguna,1,6,Whatsapp,2,10,7,Socializar,3,3,Motiva,4,Tarde (12 pm - 6pm),Sí,3,15,3,0 horas (no lo uso),Entre 3-6 horas,0 horas (no lo uso),0 horas (no lo uso)
23,Femenino,Privada,3,Entre 9-12 horas,16,9,8,No participo en ninguna,1,7,Tiktok,3,3,7,Entretenimiento,5,1,No tiene efecto,3,Noche(6pm-12 am),Sí,4,10,5,Entre 6-9 horas,Entre 9-12 horas,0 horas (no lo uso),0 horas (no lo uso)
20,Masculino,Privada,4,Entre 1-3 horas,13.4,7,6,No participo en ninguna,2,7,Whatsapp,16,20,7,Noticias,4,4,No tiene efecto,3,Noche(6pm-12 am),Sí,3,0,3,Entre 1-3 horas,Entre 1-3 horas,0 horas (no lo uso),0 horas (no lo uso)
19,Femenino,Privada,3,Entre 1-3 horas,13,5,6,No participo en ninguna,6,6,Otro,4,0,0,Entretenimiento,4,3,No tiene efecto,3,Noche(6pm-12 am),Sí,3,0,3,Entre 1-3 horas,Entre 1-3 horas,Entre 1-3 horas,Entre 1-3 horas
18,Masculino,Pública,7,Entre 1-3 horas,0,1,7,Deportes,3,6,Whatsapp,1,34,7,Académico,4,4,No tiene efecto,2,Tarde (12 pm - 6pm),Sí,3,6,1,Entre 1-3 horas,0 horas (no lo uso),0 horas (no lo uso),0 horas (no lo uso)
19,Femenino,Privada,2,Entre 1-3 horas,16.4,5,6,No participo en ninguna,3,5,Tiktok,2,5,7,Entretenimiento,4,3,No tiene efecto,2,Noche(6pm-12 am),Sí,4,0,3,Entre 1-3 horas,Entre 3-6 horas,Entre 1-3 horas,0 horas (no lo uso)
21,Femenino,Privada,6,Entre 1-3 horas,14,4,6,Deportes,5,6,Whatsapp,2,9,7,Académico,5,5,No tiene efecto,5,Tarde (12 pm - 6pm),Sí,4,1,4,Entre 1-3 horas,Entre 1-3 horas,0 horas (no lo uso),0 horas (no lo uso)
21,Masculino,Privada,3.5,Entre 3-6 horas,15.7,4,4,No participo en ninguna,5,6,Instagram,2,6,7,Entretenimiento,5,4,No tiene efecto,5,Noche(6pm-12 am),Sí,3,5,2,Entre 3-6 horas,Entre 6-9 horas,0 horas (no lo uso),Entre 1-3 horas
21,Femenino,Pública,5,Entre 6-9 horas,15,5,8,Voluntariado,2,8,Tiktok,2,7,7,Entretenimiento,3,3,Motiva,3,Noche(6pm-12 am),Sí,3,0,4,Entre 3-6 horas,Entre 3-6 horas,0 horas (no lo uso),0 horas (no lo uso)
21,Femenino,Pública,7,Entre 1-3 horas,15,4,5,Deportes,5,6,Whatsapp,1,5,6,Académico,5,3,Motiva,5,Madrugada (12am-6am),Sí,5,2,5,Entre 1-3 horas,Entre 1-3 horas,0 horas (no lo uso),0 horas (no lo uso)
22,Masculino,Privada,1.5,Entre 1-3 horas,12,3,4,No participo en ninguna,1,7,Facebook / meta,4,3,5,Entretenimiento,2,3,No tiene efecto,5,Tarde (12 pm - 6pm),No,4,8,2,0 horas (no lo uso),Entre 1-3 horas,0 horas (no lo uso),Entre 1-3 horas
23,Masculino,Privada,5,Entre 3-6 horas,13.25,7,6,Deportes,3,7,Whatsapp,2,5,4,Entretenimiento,3,4,Motiva,3,Noche(6pm-12 am),Sí,3,3,4,Entre 1-3 horas,Entre 1-3 horas,Entre 1-3 horas,0 horas (no lo uso)
19,Masculino,Pública,7,Entre 6-9 horas,0,1,6,Club Académico,4,7,Whatsapp,1,10,7,Entretenimiento,4,4,Motiva,3,Tarde (12 pm - 6pm),Sí,4,10,5,Entre 3-6 horas,Entre 1-3 horas,0 horas (no lo uso),Entre 1-3 horas
20,Femenino,Privada,5,Entre 1-3 horas,15,7,6,No participo en ninguna,2,6,Whatsapp,5,3,4,Entretenimiento,4,3,No tiene efecto,3,Noche(6pm-12 am),Sí,3,10,3,Entre 1-3 horas,Entre 1-3 horas,Entre 3-6 horas,0 horas (no lo uso)
21,Femenino,Privada,5,Entre 1-3 horas,15,4,8,Voluntariado,5,8,Whatsapp,1,20,7,Noticias,1,2,Motiva,1,Noche(6pm-12 am),Sí,4,5,3,Entre 1-3 horas,Entre 1-3 horas,Entre 1-3 horas,Entre 1-3 horas
19,Masculino,Pública,1,Entre 6-9 horas,0,1,6,No participo en ninguna,0,5,Whatsapp,0,20,7,Noticias,3,3,No tiene efecto,2,Mañana (6am-11:59 am),Sí,3,1,3,0 horas (no lo uso),0 horas (no lo uso),0 horas (no lo uso),0 horas (no lo uso)
18,Masculino,Privada,4.5,Entre 3-6 horas,0,1,6,No participo en ninguna,3,8,Whatsapp,3,3,4,Entretenimiento,4,3,Motiva,2,Noche(6pm-12 am),Sí,4,7,2,0 horas (no lo uso),Entre 1-3 horas,0 horas (no lo uso),0 horas (no lo uso)
20,Femenino,Privada,3,Entre 1-3 horas,16,5,4,No participo en ninguna,2,6,Tiktok,10,2,5,Entretenimiento,2,4,Desmotiva,3,Noche(6pm-12 am),Sí,3,0,1,0 horas (no lo uso),Entre 1-3 horas,0 horas (no lo uso),0 horas (no lo uso)
22,Masculino,Privada,6,Entre 9-12 horas,14,4,5,Club Académico,5,7,Facebook / meta,3,20,7,Socializar,3,3,Motiva,3,Noche(6pm-12 am),No,3,3,3,0 horas (no lo uso),0 horas (no lo uso),0 horas (no lo uso),0 horas (no lo uso)
18,Masculino,Privada,5,Entre 3-6 horas,16.4,3,6,No participo en ninguna,4,7,Whatsapp,1,34,7,Entretenimiento,4,5,Motiva,3,Tarde (12 pm - 6pm),Sí,2,4,3,Entre 1-3 horas,0 horas (no lo uso),0 horas (no lo uso),0 horas (no lo uso)
18,Masculino,Privada,3,Entre 1-3 horas,12,3,7,No participo en ninguna,0,6,Tiktok,8,8,7,Noticias,4,3,No tiene efecto,3,Noche(6pm-12 am),Sí,2,2,4,0 horas (no lo uso),Entre 3-6 horas,0 horas (no lo uso),0 horas (no lo uso)
23,Femenino,Privada,6,Entre 1-3 horas,11.98,9,7,No participo en ninguna,2,6,Whatsapp,12,4,4,Entretenimiento,4,3,No tiene efecto,4,Noche(6pm-12 am),Sí,3,6,3,Entre 1-3 horas,Entre 3-6 horas,0 horas (no lo uso),0 horas (no lo uso)
22,Masculino,Privada,2,Entre 3-6 horas,15.6,8,4,Voluntariado,1,6,Instagram,4,4,7,Entretenimiento,3,4,Desmotiva,5,Noche(6pm-12 am),No,3,0,4,Entre 1-3 horas,0 horas (no lo uso),0 horas (no lo uso),0 horas (no lo uso)
20,Masculino,Pública,5,Entre 3-6 horas,12,6,7,Deportes,9,6,Facebook / meta,2,10,7,Entretenimiento,5,4,No tiene efecto,3,Tarde (12 pm - 6pm),Sí,4,10,3,0 horas (no lo uso),0 horas (no lo uso),0 horas (no lo uso),Entre 3-6 horas
19,Femenino,Privada,4,Entre 1-3 horas,13.87,3,6,No participo en ninguna,2,6,Tiktok,2,5,7,Entretenimiento,4,4,No tiene efecto,3,Noche(6pm-12 am),Sí,4,0,3,Entre 1-3 horas,Entre 1-3 horas,0 horas (no lo uso),0 horas (no lo uso)
18,Masculino,Privada,1.5,Entre 9-12 horas,17,2,5,No participo en ninguna,0,6,Whatsapp,3,100,7,Entretenimiento,5,5,No tiene efecto,3,Noche(6pm-12 am),No,4,0,1,0 horas (no lo uso),Entre 3-6 horas,0 horas (no lo uso),0 horas (no lo uso)
19,Masculino,Privada,4,Entre 1-3 horas,11,5,5,No participo en ninguna,12,8,Tiktok,4,6,7,Entretenimiento,4,3,Motiva,4,Tarde (12 pm - 6pm),Sí,3,5,4,0 horas (no lo uso),Entre 3-6 horas,0 horas (no lo uso),0 horas (no lo uso)
23,Femenino,Pública,8,Entre 1-3 horas,15,10,5,No participo en ninguna,0,6,Whatsapp,3,2,7,Entretenimiento,4,4,Desmotiva,3,Noche(6pm-12 am),Sí,4,0,3,Entre 1-3 horas,Entre 1-3 horas,0 horas (no lo uso),Entre 1-3 horas
19,Masculino,Pública,3.5,Entre 1-3 horas,0,1,3,No participo en ninguna,2,7,Tiktok,6,4,7,Entretenimiento,4,4,No tiene efecto,3,Tarde (12 pm - 6pm),Sí,4,5,4,0 horas (no lo uso),Entre 1-3 horas,0 horas (no lo uso),Entre 1-3 horas
23,Femenino,Pública,4,Entre 1-3 horas,13,5,5,No participo en ninguna,0,8,Whatsapp,18,7,4,Académico,3,5,Motiva,5,Noche(6pm-12 am),Sí,3,1,3,Entre 1-3 horas,Entre 1-3 horas,Entre 1-3 horas,0 horas (no lo uso)
22,Masculino,Pública,4,Entre 1-3 horas,13,2,5,Voluntariado,5,7,Facebook / meta,5,1,1,Noticias,4,2,No tiene efecto,3,Noche(6pm-12 am),Sí,3,2,2,0 horas (no lo uso),0 horas (no lo uso),Entre 1-3 horas,0 horas (no lo uso)
19,Masculino,Privada,1,Entre 1-3 horas,19,5,5,Música,7,8,Instagram,24,4,5,Entretenimiento,4,5,Motiva,3,Tarde (12 pm - 6pm),Sí,4,2,3,Entre 1-3 horas,Entre 1-3 horas,Entre 1-3 horas,0 horas (no lo uso)
23,Masculino,Pública,6,Entre 6-9 horas,15,3,5,Deportes,12,6,Tiktok,3,3,7,Entretenimiento,4,2,Motiva,3,Tarde (12 pm - 6pm),Sí,3,4,3,Entre 1-3 horas,Entre 6-9 horas,0 horas (no lo uso),0 horas (no lo uso)
22,Masculino,Privada,2,Entre 3-6 horas,18.86,10,6,No participo en ninguna,2,8,X (Twitter),2,30,7,Académico,5,3,No tiene efecto,3,Noche(6pm-12 am),Sí,5,3,4,Entre 3-6 horas,Entre 3-6 horas,0 horas (no lo uso),Entre 3-6 horas
18,Masculino,Privada,4,Entre 1-3 horas,16,3,6,No participo en ninguna,4,7,Whatsapp,24,1,2,Socializar,4,2,No tiene efecto,4,Noche(6pm-12 am),Sí,4,6,4,Entre 1-3 horas,0 horas (no lo uso),0 horas (no lo uso),0 horas (no lo uso)
19,Masculino,Pública,4,Entre 3-6 horas,13.96,4,7,No participo en ninguna,1,5,X (Twitter),2,20,7,Entretenimiento,5,2,Motiva,2,Tarde (12 pm - 6pm),Sí,3,0,3,Entre 1-3 horas,Entre 6-9 horas,0 horas (no lo uso),Entre 9-12 horas
21,Masculino,Privada,3,Entre 1-3 horas,11,4,5,No participo en ninguna,3,7,Tiktok,2,6,2,Entretenimiento,4,3,Motiva,3,Noche(6pm-12 am),Sí,4,5,3,Entre 3-6 horas,Entre 9-12 horas,Entre 1-3 horas,0 horas (no lo uso)
19,Femenino,Privada,4,Entre 1-3 horas,16.2,2,7,Voluntariado,5,5,Whatsapp,2,20,7,Entretenimiento,4,5,No tiene efecto,2,Noche(6pm-12 am),Sí,4,0,4,Entre 1-3 horas,Entre 1-3 horas,0 horas (no lo uso),0 horas (no lo uso)
25,Masculino,Pública,4,Entre 3-6 horas,11,4,5,Deportes,4,7,Instagram,4,48,7,Entretenimiento,5,1,No tiene efecto,1,Tarde (12 pm - 6pm),Sí,3,1,4,Entre 1-3 horas,Entre 1-3 horas,0 horas (no lo uso),0 horas (no lo uso)
20,Masculino,Pública,6,Entre 3-6 horas,12,7,6,Deportes,4,8,Whatsapp,4,4,7,Entretenimiento,3,3,Motiva,4,Noche(6pm-12 am),Sí,3,3,2,Entre 1-3 horas,0 horas (no lo uso),0 horas (no lo uso),Entre 1-3 horas
18,Femenino,Privada,1,Entre 9-12 horas,15,2,7,No participo en ninguna,4,8,Whatsapp,1,5,7,Entretenimiento,5,3,No tiene efecto,4,Tarde (12 pm - 6pm),Sí,4,10,4,Entre 6-9 horas,Entre 9-12 horas,0 horas (no lo uso),Entre 1-3 horas
19,Masculino,Pública,4,Entre 1-3 horas,13,2,5,No participo en ninguna,6,7,Tiktok,3,6,7,Académico,2,5,Motiva,2,Tarde (12 pm - 6pm),Sí,2,0,1,Entre 3-6 horas,Entre 3-6 horas,0 horas (no lo uso),0 horas (no lo uso)
22,Femenino,Pública,7,Entre 1-3 horas,15,6,7,Voluntariado,3,5,Whatsapp,1,5,7,Noticias,5,4,Motiva,4,Noche(6pm-12 am),Sí,5,1,5,Entre 1-3 horas,Entre 1-3 horas,0 horas (no lo uso),0 horas (no lo uso)
17,Femenino,Privada,5,Entre 3-6 horas,15,3,6,No participo en ninguna,4,6,Whatsapp,2,2,5,Entretenimiento,4,3,No tiene efecto,4,Noche(6pm-12 am),Sí,4,2,2,0 horas (no lo uso),Entre 1-3 horas,0 horas (no lo uso),0 horas (no lo uso)
20,Masculino,Pública,2,Entre 1-3 horas,10.8,2,5,Deportes,6,6,Whatsapp,6,7,7,Entretenimiento,4,3,No tiene efecto,3,Noche(6pm-12 am),No,2,0,3,0 horas (no lo uso),Entre 1-3 horas,0 horas (no lo uso),0 horas (no lo uso)
17,Masculino,Privada,3,Entre 1-3 horas,0,1,7,Música,2,6,Instagram,4,5,6,Entretenimiento,3,2,No tiene efecto,3,Noche(6pm-12 am),Sí,3,2,4,Entre 1-3 horas,Entre 1-3 horas,0 horas (no lo uso),Entre 1-3 horas
18,Femenino,Privada,3,0 horas (no lo uso),12.5,3,6,No participo en ninguna,2,6,Tiktok,3,10,7,Entretenimiento,3,4,No tiene efecto,3,Tarde (12 pm - 6pm),Sí,3,0,2,Entre 1-3 horas,Entre 1-3 horas,0 horas (no lo uso),0 horas (no lo uso)
21,Masculino,Privada,2,Entre 3-6 horas,12,6,7,Voluntariado,3,6,Whatsapp,7,3,5,Académico,3,3,Desmotiva,3,Noche(6pm-12 am),Sí,3,3,3,Entre 3-6 horas,Entre 3-6 horas,Entre 3-6 horas,Entre 3-6 horas
22,Masculino,Privada,5,Entre 1-3 horas,12,4,5,Deportes,1,6,Tiktok,4,50,7,Entretenimiento,3,3,Desmotiva,3,Tarde (12 pm - 6pm),Sí,3,2,3,Entre 1-3 horas,Entre 1-3 horas,NA,Entre 1-3 horas
21,Femenino,Pública,2,Entre 3-6 horas,20,7,5,No participo en ninguna,0,8,Whatsapp,4,15,7,Entretenimiento,5,5,Desmotiva,5,Noche(6pm-12 am),No,3,4,5,0 horas (no lo uso),Entre 3-6 horas,0 horas (no lo uso),0 horas (no lo uso)
21,Masculino,Pública,3.5,Entre 6-9 horas,14.4,7,5,Deportes,6,5,Whatsapp,2,10,7,Entretenimiento,4,3,Motiva,3,Noche(6pm-12 am),Sí,4,1,3,Entre 1-3 horas,Entre 1-3 horas,0 horas (no lo uso),0 horas (no lo uso)
21,Masculino,Pública,6,Entre 1-3 horas,15,7,7,Deportes,5,6,Whatsapp,2,4,5,Académico,5,4,No tiene efecto,5,Madrugada (12am-6am),Sí,4,2,5,Entre 1-3 horas,Entre 1-3 horas,0 horas (no lo uso),0 horas (no lo uso)
22,Femenino,Privada,1,Entre 3-6 horas,18,10,6,Deportes,10,7,Tiktok,2,5,7,Entretenimiento,4,2,Desmotiva,4,Noche(6pm-12 am),Sí,5,3,1,Entre 1-3 horas,Entre 3-6 horas,Entre 1-3 horas,Entre 1-3 horas
24,Masculino,Privada,5,Entre 1-3 horas,14.12,8,7,No participo en ninguna,0,5,Whatsapp,10,100,7,Académico,2,5,Desmotiva,3,Madrugada (12am-6am),Sí,3,21,3,0 horas (no lo uso),Entre 1-3 horas,0 horas (no lo uso),0 horas (no lo uso)
22,Masculino,Privada,4,Entre 3-6 horas,15,9,5,Deportes,3,6,Whatsapp,4,3,2,Entretenimiento,5,3,Motiva,1,Noche(6pm-12 am),Sí,4,100,5,Entre 3-6 horas,Entre 3-6 horas,Entre 1-3 horas,0 horas (no lo uso)
19,Femenino,Privada,1,Entre 1-3 horas,16.35,5,5,Arte,1,5,Otro,2,3,6,Entretenimiento,4,5,No tiene efecto,5,Tarde (12 pm - 6pm),Sí,2,1,5,Entre 3-6 horas,0 horas (no lo uso),Entre 1-3 horas,0 horas (no lo uso)
18,Masculino,Pública,3,Entre 6-9 horas,0,1,8,No participo en ninguna,2,6,Tiktok,6,2,6,Entretenimiento,4,2,Motiva,3,Noche(6pm-12 am),Sí,3,0,3,Entre 1-3 horas,Entre 3-6 horas,0 horas (no lo uso),Entre 1-3 horas
20,Femenino,Pública,5.5,Entre 3-6 horas,0,1,6,Arte,0,5,Instagram,4,25,7,Entretenimiento,3,2,Motiva,2,Noche(6pm-12 am),Sí,3,1,5,Entre 3-6 horas,Entre 1-3 horas,0 horas (no lo uso),0 horas (no lo uso)
21,Femenino,Privada,3,Entre 1-3 horas,17.63,8,6,Voluntariado,3,5,Tiktok,10,3,2,Entretenimiento,4,4,Motiva,5,Tarde (12 pm - 6pm),Sí,5,5,2,Entre 3-6 horas,Entre 1-3 horas,Entre 1-3 horas,Entre 1-3 horas
18,Femenino,Privada,3,Entre 1-3 horas,15,3,6,No participo en ninguna,6,4,Tiktok,3,6,5,Entretenimiento,5,4,No tiene efecto,3,Tarde (12 pm - 6pm),No,3,2,2,Entre 1-3 horas,NA,0 horas (no lo uso),0 horas (no lo uso)
23,Masculino,Privada,5.5,Entre 3-6 horas,13,8,5,No participo en ninguna,3,7,Whatsapp,6,20,7,Entretenimiento,5,2,Motiva,4,Noche(6pm-12 am),Sí,4,0,2,Entre 1-3 horas,0 horas (no lo uso),Entre 1-3 horas,0 horas (no lo uso)
22,Femenino,Privada,3,Entre 6-9 horas,14.6,9,7,No participo en ninguna,4,6,Whatsapp,5,15,5,Entretenimiento,4,3,No tiene efecto,4,Noche(6pm-12 am),Sí,4,2,2,Entre 3-6 horas,Entre 6-9 horas,Entre 1-3 horas,0 horas (no lo uso)
17,Masculino,Pública,4,Entre 1-3 horas,0,1,6,No participo en ninguna,7,7,Instagram,20,20,1,Académico,4,2,No tiene efecto,5,Noche(6pm-12 am),Sí,4,3,3,Entre 1-3 horas,Entre 1-3 horas,0 horas (no lo uso),0 horas (no lo uso)
18,Femenino,Privada,4,Entre 6-9 horas,0,1,5,Club Académico,3,8,Instagram,4,1,3,Entretenimiento,5,5,No tiene efecto,4,Noche(6pm-12 am),No,2,2,1,Entre 3-6 horas,0 horas (no lo uso),0 horas (no lo uso),0 horas (no lo uso)
21,Femenino,Privada,3,Entre 1-3 horas,14.2,5,4,Arte,5,7,Whatsapp,6,10,7,Entretenimiento,3,3,Motiva,4,Noche(6pm-12 am),Sí,3,4,3,Entre 1-3 horas,Entre 1-3 horas,0 horas (no lo uso),0 horas (no lo uso)
22,Femenino,Privada,7,Entre 6-9 horas,14,6,6,Voluntariado,3,5,Whatsapp,2,10,7,Noticias,3,4,No tiene efecto,4,Noche(6pm-12 am),Sí,3,0,4,Entre 1-3 horas,Entre 1-3 horas,0 horas (no lo uso),0 horas (no lo uso)
19,Femenino,Privada,2,Entre 1-3 horas,13,5,5,Deportes,6,7,Tiktok,1,10,7,Entretenimiento,4,4,Motiva,5,Noche(6pm-12 am),Sí,3,0,3,Entre 1-3 horas,Entre 3-6 horas,0 horas (no lo uso),0 horas (no lo uso)
19,Masculino,Privada,2,Entre 3-6 horas,14,5,5,Deportes,5,6,Instagram,24,2,7,Entretenimiento,4,4,No tiene efecto,4,Tarde (12 pm - 6pm),Sí,3,0,3,Entre 3-6 horas,Entre 1-3 horas,0 horas (no lo uso),0 horas (no lo uso)
23,Masculino,Pública,6,Entre 1-3 horas,NA,5,5,No participo en ninguna,10,7,Tiktok,2,6,7,Entretenimiento,5,4,Motiva,3,Tarde (12 pm - 6pm),Sí,2,3,2,Entre 1-3 horas,Entre 3-6 horas,0 horas (no lo uso),NA
21,Femenino,Privada,4,Entre 1-3 horas,16,9,5,Deportes,10,6,Instagram,2,100,7,Entretenimiento,5,5,No tiene efecto,5,Noche(6pm-12 am),Sí,4,0,3,Entre 3-6 horas,Entre 1-3 horas,Entre 1-3 horas,0 horas (no lo uso)
26,Masculino,Privada,3,Entre 3-6 horas,16.5,9,4,No participo en ninguna,2,6,Whatsapp,1,3,5,Noticias,4,4,Motiva,2,Noche(6pm-12 am),No,4,3,1,Entre 1-3 horas,0 horas (no lo uso),0 horas (no lo uso),0 horas (no lo uso)
26,Femenino,Privada,1,Entre 1-3 horas,13,4,7,Arte,2,6,Tiktok,4,20,7,Noticias,3,5,No tiene efecto,4,Tarde (12 pm - 6pm),Sí,3,1,4,0 horas (no lo uso),Entre 1-3 horas,0 horas (no lo uso),Entre 1-3 horas
21,Masculino,Privada,3,Entre 3-6 horas,12.7,6,5,Voluntariado,4,5,Whatsapp,2,50,7,Socializar,4,4,Motiva,3,Tarde (12 pm - 6pm),Sí,2,2,4,Entre 1-3 horas,0 horas (no lo uso),0 horas (no lo uso),0 horas (no lo uso)
21,Masculino,Privada,3,Entre 1-3 horas,14,8,6,No participo en ninguna,3,6,Facebook / meta,10,5,7,Noticias,5,5,Motiva,3,Noche(6pm-12 am),Sí,5,13,5,Entre 1-3 horas,Entre 1-3 horas,NA,NA
23,Femenino,Privada,2,Entre 6-9 horas,15,6,4,No participo en ninguna,0,7,Tiktok,5,10,7,Entretenimiento,3,2,No tiene efecto,2,Noche(6pm-12 am),Sí,5,0,2,0 horas (no lo uso),Entre 6-9 horas,0 horas (no lo uso),0 horas (no lo uso)
21,Femenino,Privada,4,Entre 6-9 horas,12,8,6,Voluntariado,1,7,Whatsapp,2,20,7,Entretenimiento,3,5,Desmotiva,4,Mañana (6am-11:59 am),Sí,2,8,4,Entre 1-3 horas,0 horas (no lo uso),Entre 1-3 horas,0 horas (no lo uso)
19,Femenino,Privada,6.5,Entre 1-3 horas,17.54,7,5,Club Académico,0,7,Tiktok,20,5,7,Entretenimiento,4,4,No tiene efecto,3,Noche(6pm-12 am),Sí,4,0,3,0 horas (no lo uso),Entre 1-3 horas,0 horas (no lo uso),0 horas (no lo uso)
18,Masculino,Privada,4,Entre 3-6 horas,13.98,3,5,Música,5,7,Whatsapp,6,3,3,Entretenimiento,4,3,No tiene efecto,3,Noche(6pm-12 am),Sí,3,4,4,Entre 1-3 horas,0 horas (no lo uso),0 horas (no lo uso),0 horas (no lo uso)
21,Femenino,Privada,4.5,Entre 6-9 horas,13.52,4,6,Deportes,8,7,Tiktok,6,5,7,Entretenimiento,4,1,No tiene efecto,2,Noche(6pm-12 am),Sí,4,6,3,Entre 6-9 horas,Entre 9-12 horas,0 horas (no lo uso),Entre 6-9 horas
18,Femenino,Privada,12,Entre 1-3 horas,15,3,7,Deportes,1,6,Tiktok,5,0,3,Entretenimiento,3,3,No tiene efecto,3,Noche(6pm-12 am),Sí,3,1,2,Entre 1-3 horas,Entre 1-3 horas,0 horas (no lo uso),0 horas (no lo uso)
19,Masculino,Privada,8,Entre 1-3 horas,17,3,6,No participo en ninguna,5,6,Tiktok,2,20,7,Entretenimiento,4,4,Motiva,4,Madrugada (12am-6am),Sí,5,3,2,Entre 1-3 horas,Entre 3-6 horas,0 horas (no lo uso),Entre 1-3 horas
19,Masculino,Privada,5.5,Entre 1-3 horas,14.8,4,6,No participo en ninguna,0,7,Whatsapp,1,30,6,Entretenimiento,4,5,No tiene efecto,5,Noche(6pm-12 am),No,3,0,1,0 horas (no lo uso),0 horas (no lo uso),0 horas (no lo uso),0 horas (no lo uso)
25,Masculino,Privada,4,Entre 1-3 horas,11.2,10,4,Club Académico,2,8,Tiktok,1,3,7,Entretenimiento,3,4,Desmotiva,2,Noche(6pm-12 am),Sí,4,0,1,Entre 3-6 horas,Entre 9-12 horas,0 horas (no lo uso),Entre 1-3 horas
19,Femenino,Privada,2,0 horas (no lo uso),14,5,6,Arte,1,8,Tiktok,5,2,6,Entretenimiento,5,3,Motiva,4,Noche(6pm-12 am),Sí,3,8,3,0 horas (no lo uso),Entre 3-6 horas,0 horas (no lo uso),0 horas (no lo uso)
19,Femenino,Privada,5,Entre 1-3 horas,17,7,3,No participo en ninguna,0,6,Tiktok,4,6,6,Entretenimiento,5,3,No tiene efecto,4,Noche(6pm-12 am),Sí,3,0,3,Entre 1-3 horas,Entre 3-6 horas,0 horas (no lo uso),0 horas (no lo uso)
18,Femenino,Privada,1,Entre 1-3 horas,0,1,6,No participo en ninguna,1,7,Instagram,3,5,7,Socializar,4,4,Motiva,2,Noche(6pm-12 am),No,4,12,3,Entre 1-3 horas,Entre 1-3 horas,0 horas (no lo uso),0 horas (no lo uso)
19,Masculino,Pública,2,Entre 3-6 horas,12.5,4,6,Club Académico,8,5,Tiktok,1,8,7,Entretenimiento,1,4,No tiene efecto,3,Tarde (12 pm - 6pm),Sí,2,0,3,0 horas (no lo uso),Entre 6-9 horas,0 horas (no lo uso),0 horas (no lo uso)
21,Masculino,Privada,1,Entre 3-6 horas,14,5,4,Deportes,5,7,Whatsapp,1,10,7,Entretenimiento,4,5,Desmotiva,5,Tarde (12 pm - 6pm),Sí,2,1,4,Entre 1-3 horas,0 horas (no lo uso),0 horas (no lo uso),0 horas (no lo uso)
20,Masculino,Privada,6,Entre 1-3 horas,15,8,6,No participo en ninguna,2,8,Tiktok,4,7,7,Entretenimiento,5,2,Motiva,2,Noche(6pm-12 am),No,4,4,2,NA,Entre 3-6 horas,0 horas (no lo uso),Entre 1-3 horas
18,Masculino,Privada,1,Entre 1-3 horas,16,5,5,No participo en ninguna,1,4,Tiktok,1,4,7,Entretenimiento,3,2,No tiene efecto,2,Tarde (12 pm - 6pm),No,2,2,2,Entre 1-3 horas,Entre 1-3 horas,0 horas (no lo uso),0 horas (no lo uso)
18,Masculino,Privada,2,Entre 1-3 horas,0,1,6,No participo en ninguna,2,6,Discord,9,0,1,Entretenimiento,5,4,No tiene efecto,1,Noche(6pm-12 am),Sí,4,0,3,0 horas (no lo uso),0 horas (no lo uso),0 horas (no lo uso),0 horas (no lo uso)
21,Masculino,Privada,13,Entre 1-3 horas,14.5,8,5,Música,24,7,Tiktok,2,7,7,Entretenimiento,4,3,Motiva,4,Noche(6pm-12 am),No,3,NA,3,Entre 1-3 horas,Entre 1-3 horas,Entre 3-6 horas,Entre 1-3 horas
18,Masculino,Pública,5,Entre 6-9 horas,14,10,5,No participo en ninguna,1,5,Whatsapp,0,8,7,Noticias,5,4,Desmotiva,3,Mañana (6am-11:59 am),Sí,4,1,3,0 horas (no lo uso),Entre 6-9 horas,0 horas (no lo uso),0 horas (no lo uso)
21,Femenino,Pública,4,Entre 1-3 horas,9,4,4,Arte,4,3,Tiktok,3,3,3,Noticias,3,4,Desmotiva,1,Noche(6pm-12 am),Sí,3,3,2,Entre 1-3 horas,Entre 1-3 horas,Entre 1-3 horas,0 horas (no lo uso)
22,Femenino,Privada,7,Entre 6-9 horas,15,7,5,Deportes,3,6,Whatsapp,5,0,7,Académico,5,3,No tiene efecto,1,Mañana (6am-11:59 am),Sí,5,0,5,0 horas (no lo uso),Entre 1-3 horas,0 horas (no lo uso),0 horas (no lo uso)
19,Masculino,Privada,4,Entre 1-3 horas,15.7,2,8,No participo en ninguna,2,7,Tiktok,4,8,6,Noticias,4,3,Motiva,2,Tarde (12 pm - 6pm),Sí,3,0,3,0 horas (no lo uso),Entre 3-6 horas,0 horas (no lo uso),0 horas (no lo uso)
18,Masculino,Pública,6,Entre 9-12 horas,0,1,6,Club Académico,6,6,Instagram,5,3,7,Noticias,3,1,No tiene efecto,3,Noche(6pm-12 am),Sí,4,5,5,Entre 3-6 horas,Entre 1-3 horas,0 horas (no lo uso),Entre 1-3 horas
19,Masculino,Pública,1,Entre 3-6 horas,10.05,5,7,No participo en ninguna,3,8,Whatsapp,24,5,0,Entretenimiento,4,5,Motiva,3,Noche(6pm-12 am),Sí,3,0,3,0 horas (no lo uso),0 horas (no lo uso),0 horas (no lo uso),0 horas (no lo uso)
20,Masculino,Pública,5,Entre 3-6 horas,9.4,2,4,No participo en ninguna,7,8,Whatsapp,2,10,1,Entretenimiento,4,2,Motiva,4,Tarde (12 pm - 6pm),Sí,4,2,3,Entre 1-3 horas,0 horas (no lo uso),0 horas (no lo uso),0 horas (no lo uso)
20,Femenino,Privada,5,Entre 1-3 horas,16,2,5,No participo en ninguna,2,6,Instagram,3,4,5,Entretenimiento,5,3,Motiva,3,Noche(6pm-12 am),Sí,5,3,4,Entre 1-3 horas,Entre 1-3 horas,0 horas (no lo uso),Entre 1-3 horas
23,Masculino,Pública,12,Entre 3-6 horas,18,5,5,Deportes,11,6,Tiktok,4,3,7,Entretenimiento,3,1,No tiene efecto,1,Noche(6pm-12 am),Sí,3,2,3,Entre 1-3 horas,Entre 3-6 horas,Entre 1-3 horas,Entre 1-3 horas
21,Masculino,Privada,4,Entre 1-3 horas,16,8,6,No participo en ninguna,4,7,Whatsapp,5,4,7,Entretenimiento,5,2,No tiene efecto,3,Noche(6pm-12 am),Sí,3,5,3,Entre 1-3 horas,Entre 1-3 horas,Entre 1-3 horas,0 horas (no lo uso)
20,Femenino,Privada,5,Entre 6-9 horas,14,5,8,Deportes,2,6,Whatsapp,2,4,7,Noticias,4,3,Desmotiva,4,Tarde (12 pm - 6pm),Sí,3,10,4,0 horas (no lo uso),Entre 1-3 horas,0 horas (no lo uso),0 horas (no lo uso)
19,Masculino,Privada,1,Entre 1-3 horas,12,5,5,No participo en ninguna,2,6,Discord,12,1,6,Entretenimiento,4,4,No tiene efecto,2,Noche(6pm-12 am),No,2,0,2,0 horas (no lo uso),0 horas (no lo uso),0 horas (no lo uso),0 horas (no lo uso)
21,Femenino,Privada,6,Entre 3-6 horas,13.3,5,4,No participo en ninguna,4,6,Tiktok,1,10,7,Entretenimiento,5,4,No tiene efecto,2,Noche(6pm-12 am),Sí,3,7,4,Entre 1-3 horas,Entre 6-9 horas,Entre 1-3 horas,0 horas (no lo uso)
18,Masculino,Privada,1,Entre 3-6 horas,17,5,5,Música,1,5,Whatsapp,5,5,7,Entretenimiento,4,4,Motiva,4,Noche(6pm-12 am),Sí,3,10,5,Entre 1-3 horas,Entre 1-3 horas,0 horas (no lo uso),0 horas (no lo uso)
21,Masculino,Pública,12,Entre 9-12 horas,1,7,1,Música,24,8,Otro,0,24,7,Entretenimiento,1,3,Motiva,1,Madrugada (12am-6am),No,5,NA,3,Entre 9-12 horas,Entre 9-12 horas,Entre 9-12 horas,Entre 9-12 horas
19,Femenino,Privada,4.5,Entre 3-6 horas,13,3,3,No participo en ninguna,2,5,Whatsapp,1,1,7,Entretenimiento,3,5,Desmotiva,1,Tarde (12 pm - 6pm),Sí,2,0,4,0 horas (no lo uso),Entre 3-6 horas,0 horas (no lo uso),0 horas (no lo uso)
19,Masculino,Pública,3,Entre 1-3 horas,9,2,4,Deportes,6,6,X (Twitter),24,0,7,Entretenimiento,5,3,No tiene efecto,1,Madrugada (12am-6am),Sí,3,5,3,Entre 3-6 horas,Entre 1-3 horas,0 horas (no lo uso),Entre 3-6 horas
18,Femenino,Privada,2.5,Entre 1-3 horas,18,2,6,Club Académico,3,6,Whatsapp,1,15,4,Entretenimiento,4,4,Motiva,4,NA,Sí,4,5,4,0 horas (no lo uso),0 horas (no lo uso),0 horas (no lo uso),0 horas (no lo uso)
20,Femenino,Privada,5,Entre 6-9 horas,14,7,6,No participo en ninguna,3,7,Whatsapp,4,10,7,Entretenimiento,3,3,Motiva,4,Noche(6pm-12 am),Sí,4,0,5,Entre 1-3 horas,Entre 1-3 horas,0 horas (no lo uso),Entre 1-3 horas
18,Masculino,Privada,3,Entre 3-6 horas,15,4,5,No participo en ninguna,0,6,Whatsapp,4,10,4,Entretenimiento,3,3,No tiene efecto,3,Noche(6pm-12 am),Sí,4,0,3,0 horas (no lo uso),0 horas (no lo uso),0 horas (no lo uso),0 horas (no lo uso)
22,Masculino,Privada,4,Entre 1-3 horas,14,4,6,No participo en ninguna,3,6,Tiktok,4,6,7,Entretenimiento,3,5,No tiene efecto,4,Noche(6pm-12 am),Sí,3,0,2,Entre 1-3 horas,Entre 1-3 horas,0 horas (no lo uso),0 horas (no lo uso)
18,Femenino,Privada,10,Entre 1-3 horas,15,3,7,Voluntariado,2,7,Whatsapp,2,3,4,Noticias,4,4,Desmotiva,3,Tarde (12 pm - 6pm),Sí,3,0,2,Entre 1-3 horas,Entre 1-3 horas,NA,Entre 1-3 horas
24,Masculino,Privada,2,Entre 3-6 horas,14.7,10,4,No participo en ninguna,3,5,Whatsapp,4,20,7,Noticias,4,4,Desmotiva,2,Noche(6pm-12 am),Sí,3,5,4,Entre 1-3 horas,0 horas (no lo uso),Entre 1-3 horas,Entre 1-3 horas
18,Masculino,Privada,6,Entre 1-3 horas,15,5,5,Deportes,4,6,Tiktok,4,35,7,Entretenimiento,5,4,Motiva,3,Tarde (12 pm - 6pm),No,3,14,5,Entre 1-3 horas,Entre 1-3 horas,0 horas (no lo uso),0 horas (no lo uso)
18,Femenino,Privada,1,Entre 1-3 horas,7,3,6,No participo en ninguna,4,6,Whatsapp,3,8,7,Entretenimiento,3,4,No tiene efecto,4,Noche(6pm-12 am),Sí,1,1,3,Entre 3-6 horas,Entre 3-6 horas,0 horas (no lo uso),0 horas (no lo uso)
19,Femenino,Privada,4,Entre 3-6 horas,14.14,3,4,Deportes,11,7,Whatsapp,2,4,3,Entretenimiento,4,4,Motiva,4,Mañana (6am-11:59 am),Sí,3,0,4,Entre 3-6 horas,Entre 3-6 horas,0 horas (no lo uso),Entre 1-3 horas
22,Femenino,Privada,2,Entre 3-6 horas,12,7,6,No participo en ninguna,0,6,Tiktok,5,2,1,Entretenimiento,3,4,Desmotiva,3,Mañana (6am-11:59 am),No,3,6,3,Entre 1-3 horas,Entre 1-3 horas,Entre 1-3 horas,Entre 1-3 horas
18,Masculino,Privada,2,Entre 1-3 horas,14,3,6,No participo en ninguna,7,6,Instagram,5,10,7,Entretenimiento,4,5,No tiene efecto,4,Noche(6pm-12 am),Sí,3,10,5,Entre 1-3 horas,Entre 1-3 horas,0 horas (no lo uso),Entre 1-3 horas
19,Masculino,Privada,4,Entre 3-6 horas,15,4,6,Deportes,1,7,Instagram,4,5,7,Entretenimiento,4,5,Motiva,3,Noche(6pm-12 am),Sí,4,2,4,Entre 1-3 horas,Entre 3-6 horas,0 horas (no lo uso),Entre 1-3 horas
20,Femenino,Pública,6,Entre 1-3 horas,16.7,7,8,Club Académico,6,8,Instagram,3,20,7,Académico,3,3,Motiva,4,Noche(6pm-12 am),Sí,2,5,4,Entre 1-3 horas,Entre 1-3 horas,0 horas (no lo uso),0 horas (no lo uso)
19,Femenino,Privada,5,Entre 1-3 horas,15,4,7,No participo en ninguna,1,4,Whatsapp,4,20,2,Académico,3,3,No tiene efecto,3,Tarde (12 pm - 6pm),Sí,3,2,3,Entre 1-3 horas,Entre 1-3 horas,0 horas (no lo uso),0 horas (no lo uso)
21,Masculino,Pública,3,Entre 1-3 horas,15,4,4,Deportes,5,7,Instagram,5,3,7,Entretenimiento,4,5,Desmotiva,4,Noche(6pm-12 am),Sí,4,0,3,Entre 1-3 horas,Entre 1-3 horas,0 horas (no lo uso),0 horas (no lo uso)
22,Masculino,Privada,3,Entre 1-3 horas,14,8,6,No participo en ninguna,2,7,Tiktok,2,10,7,Entretenimiento,3,4,Desmotiva,4,Noche(6pm-12 am),Sí,4,8,3,NA,Entre 1-3 horas,0 horas (no lo uso),0 horas (no lo uso)
20,Masculino,Privada,5,Entre 1-3 horas,12,4,7,No participo en ninguna,0,6,Tiktok,0,10,7,Entretenimiento,3,3,Desmotiva,3,Noche(6pm-12 am),Sí,3,2,1,Entre 1-3 horas,Entre 6-9 horas,0 horas (no lo uso),0 horas (no lo uso)
23,Femenino,Pública,2,Entre 1-3 horas,2.3,8,1,Deportes,2,7,Whatsapp,4,3,5,Entretenimiento,3,5,Desmotiva,5,Tarde (12 pm - 6pm),Sí,2,0,1,Entre 1-3 horas,Entre 1-3 horas,0 horas (no lo uso),0 horas (no lo uso)
22,Masculino,Privada,2.5,Entre 1-3 horas,16.77,7,3,Deportes,3,7,Tiktok,4,3,5,Entretenimiento,4,2,Motiva,2,Noche(6pm-12 am),Sí,3,4,4,Entre 1-3 horas,Entre 1-3 horas,NA,Entre 1-3 horas
22,Masculino,Privada,6,Entre 6-9 horas,14,8,5,No participo en ninguna,0,5,Whatsapp,1,5,7,Entretenimiento,5,4,Desmotiva,3,Noche(6pm-12 am),Sí,3,0,3,Entre 1-3 horas,Entre 3-6 horas,Entre 1-3 horas,0 horas (no lo uso)
24,Femenino,Pública,1,Entre 6-9 horas,13.8,7,4,Voluntariado,4,6,Instagram,1,15,7,Entretenimiento,4,3,No tiene efecto,4,Mañana (6am-11:59 am),Sí,5,5,4,Entre 6-9 horas,Entre 6-9 horas,Entre 1-3 horas,0 horas (no lo uso)
20,Masculino,Pública,3,0 horas (no lo uso),6,8,8,Voluntariado,20,7,X (Twitter),4,2,3,Entretenimiento,3,3,Desmotiva,3,Noche(6pm-12 am),Sí,3,2,3,0 horas (no lo uso),0 horas (no lo uso),0 horas (no lo uso),0 horas (no lo uso)
23,Masculino,Pública,8,Entre 1-3 horas,13,3,5,Deportes,2,6,Whatsapp,8,3,1,Noticias,5,3,No tiene efecto,3,Tarde (12 pm - 6pm),Sí,3,2,3,Entre 1-3 horas,Entre 1-3 horas,0 horas (no lo uso),Entre 1-3 horas
18,Masculino,Privada,3.4,Entre 9-12 horas,0,1,6,No participo en ninguna,1,6,Instagram,4,0,7,Entretenimiento,5,4,Motiva,4,Noche(6pm-12 am),Sí,4,0,4,Entre 9-12 horas,Entre 3-6 horas,Entre 3-6 horas,Entre 1-3 horas
21,Masculino,Pública,1,Entre 1-3 horas,9,2,4,Deportes,6,8,Whatsapp,3,5,2,Entretenimiento,3,5,Motiva,4,Tarde (12 pm - 6pm),Sí,2,0,3,0 horas (no lo uso),0 horas (no lo uso),0 horas (no lo uso),0 horas (no lo uso)
18,Masculino,Privada,6,Entre 1-3 horas,17,2,7,Deportes,2,6,Whatsapp,5,3,5,Entretenimiento,4,3,Motiva,2,Noche(6pm-12 am),Sí,3,10,3,Entre 1-3 horas,Entre 3-6 horas,0 horas (no lo uso),NA
18,Femenino,Privada,5,NA,16,3,5,No participo en ninguna,1,7,Whatsapp,2,10,7,Entretenimiento,3,2,Desmotiva,3,Noche(6pm-12 am),Sí,3,0,2,Entre 1-3 horas,Entre 1-3 horas,0 horas (no lo uso),0 horas (no lo uso)
18,Femenino,Privada,4,Entre 1-3 horas,18,5,7,No participo en ninguna,2,4,Instagram,5,3,5,Entretenimiento,5,1,No tiene efecto,3,Noche(6pm-12 am),Sí,5,7,3,Entre 1-3 horas,0 horas (no lo uso),0 horas (no lo uso),Entre 1-3 horas
19,Femenino,Privada,6,Entre 1-3 horas,15,5,5,Deportes,1,4,Tiktok,2,1,5,Académico,3,4,Motiva,5,Noche(6pm-12 am),Sí,3,0,4,Entre 1-3 horas,Entre 1-3 horas,0 horas (no lo uso),0 horas (no lo uso)
19,Masculino,Privada,3,Entre 1-3 horas,14,5,4,No participo en ninguna,6,7,Whatsapp,4,2,3,Socializar,4,3,Motiva,4,Tarde (12 pm - 6pm),Sí,3,2,3,Entre 3-6 horas,Entre 1-3 horas,0 horas (no lo uso),0 horas (no lo uso)
21,Femenino,Privada,5,Entre 1-3 horas,15,6,6,No participo en ninguna,10,8,Tiktok,4,5,5,Entretenimiento,4,2,No tiene efecto,2,Noche(6pm-12 am),Sí,5,0,2,0 horas (no lo uso),Entre 3-6 horas,0 horas (no lo uso),0 horas (no lo uso)
18,Masculino,Privada,5,Entre 3-6 horas,17,4,6,No participo en ninguna,8,6,Tiktok,2,30,7,Entretenimiento,3,4,Motiva,5,Noche(6pm-12 am),Sí,5,3,3,Entre 1-3 horas,Entre 3-6 horas,Entre 1-3 horas,Entre 1-3 horas
18,Femenino,Privada,3,Entre 3-6 horas,16,4,7,No participo en ninguna,5,7,Whatsapp,4,2,5,Noticias,4,3,No tiene efecto,1,Noche(6pm-12 am),Sí,4,2,3,Entre 1-3 horas,Entre 1-3 horas,0 horas (no lo uso),0 horas (no lo uso)
25,Femenino,Pública,6,Entre 3-6 horas,17,9,4,Arte,3,6,Whatsapp,1,4,3,Académico,3,4,No tiene efecto,1,Noche(6pm-12 am),Sí,4,1,3,Entre 1-3 horas,Entre 1-3 horas,0 horas (no lo uso),0 horas (no lo uso)
26,Femenino,Privada,4,Entre 3-6 horas,13,8,4,No participo en ninguna,0,5,Whatsapp,3,5,7,Entretenimiento,3,4,Motiva,3,Noche(6pm-12 am),No,3,2,2,Entre 3-6 horas,Entre 3-6 horas,NA,0 horas (no lo uso)
20,Femenino,Privada,5,Entre 6-9 horas,15,3,6,No participo en ninguna,7,5,Whatsapp,2,3,6,Noticias,3,2,No tiene efecto,2,Noche(6pm-12 am),Sí,2,1,2,Entre 1-3 horas,Entre 1-3 horas,0 horas (no lo uso),0 horas (no lo uso)
21,Masculino,Privada,3,Entre 3-6 horas,0,3,5,Música,3,5,Instagram,2,10,7,Académico,5,2,No tiene efecto,4,Tarde (12 pm - 6pm),Sí,3,4,5,Entre 3-6 horas,Entre 1-3 horas,Entre 1-3 horas,0 horas (no lo uso)
19,Masculino,Pública,5,Entre 1-3 horas,12,3,4,Deportes,3,6,Whatsapp,3,10,4,Socializar,2,3,Motiva,3,Tarde (12 pm - 6pm),Sí,3,6,3,Entre 1-3 horas,Entre 1-3 horas,0 horas (no lo uso),0 horas (no lo uso)
23,Femenino,Privada,6,Entre 1-3 horas,15,7,6,Música,5,7,Instagram,1,2,6,Entretenimiento,5,3,Motiva,4,Noche(6pm-12 am),Sí,4,1,5,Entre 1-3 horas,0 horas (no lo uso),0 horas (no lo uso),0 horas (no lo uso)
20,Masculino,Privada,1.2,Entre 3-6 horas,15.7,7,6,Voluntariado,1,6,Instagram,4,16,5,Socializar,4,4,Motiva,3,Tarde (12 pm - 6pm),Sí,4,2,4,Entre 3-6 horas,Entre 3-6 horas,0 horas (no lo uso),0 horas (no lo uso)
19,Masculino,Privada,10,Entre 3-6 horas,18,7,8,Deportes,18,5,Instagram,4,20,0,Entretenimiento,5,3,No tiene efecto,3,Tarde (12 pm - 6pm),Sí,3,4,3,Entre 9-12 horas,Entre 3-6 horas,Entre 1-3 horas,Entre 3-6 horas
18,Masculino,Privada,3,Entre 3-6 horas,17,10,6,No participo en ninguna,8,8,Whatsapp,5,8,7,Entretenimiento,5,3,No tiene efecto,1,Tarde (12 pm - 6pm),Sí,5,0,5,Entre 1-3 horas,Entre 3-6 horas,0 horas (no lo uso),0 horas (no lo uso)
22,Masculino,Privada,2,Entre 1-3 horas,14,10,7,No participo en ninguna,4,8,Whatsapp,5,2,2,Socializar,3,2,No tiene efecto,2,Noche(6pm-12 am),Sí,4,4,1,0 horas (no lo uso),0 horas (no lo uso),Entre 1-3 horas,0 horas (no lo uso)
21,Femenino,Privada,5,Entre 6-9 horas,14.5,8,7,Voluntariado,0,6,Whatsapp,3,6,3,Entretenimiento,5,3,Motiva,5,Tarde (12 pm - 6pm),Sí,4,3,4,Entre 1-3 horas,Entre 1-3 horas,0 horas (no lo uso),0 horas (no lo uso)
21,Masculino,Privada,3,Entre 1-3 horas,14,5,5,Deportes,10,7,Instagram,3,20,6,Entretenimiento,5,3,Motiva,4,Noche(6pm-12 am),Sí,3,10,4,Entre 3-6 horas,Entre 3-6 horas,0 horas (no lo uso),0 horas (no lo uso)
19,Femenino,Pública,8,Entre 6-9 horas,11,2,3,Arte,5,8,Whatsapp,8,5,4,Académico,5,1,Motiva,5,Noche(6pm-12 am),Sí,5,6,5,Entre 3-6 horas,Entre 3-6 horas,Entre 1-3 horas,0 horas (no lo uso)
18,Masculino,Privada,2,Entre 9-12 horas,0,1,6,No participo en ninguna,0,5,Tiktok,0,9,7,Socializar,4,4,No tiene efecto,4,Noche(6pm-12 am),Sí,1,10,2,Entre 9-12 horas,Entre 9-12 horas,0 horas (no lo uso),0 horas (no lo uso)
25,Masculino,Privada,3,Entre 1-3 horas,13.25,8,4,Club Académico,0,8,Tiktok,24,3,0,Noticias,5,1,No tiene efecto,2,Tarde (12 pm - 6pm),Sí,3,0,3,0 horas (no lo uso),Entre 1-3 horas,0 horas (no lo uso),Entre 1-3 horas
20,Masculino,Privada,3,Entre 3-6 horas,13,6,4,No participo en ninguna,6,6,Whatsapp,4,3,2,Noticias,3,4,Desmotiva,3,Tarde (12 pm - 6pm),No,4,3,4,Entre 3-6 horas,Entre 1-3 horas,0 horas (no lo uso),0 horas (no lo uso)
20,Masculino,Privada,7.5,Entre 3-6 horas,17.5,9,1,Deportes,12,6,Tiktok,1,4,7,Entretenimiento,5,3,Desmotiva,5,Noche(6pm-12 am),Sí,4,2,4,Entre 1-3 horas,Entre 3-6 horas,0 horas (no lo uso),Entre 1-3 horas
24,Masculino,Privada,2,Entre 3-6 horas,15,3,7,No participo en ninguna,12,7,Whatsapp,3,6,4,Entretenimiento,3,5,No tiene efecto,2,Noche(6pm-12 am),Sí,5,2,3,Entre 1-3 horas,0 horas (no lo uso),0 horas (no lo uso),0 horas (no lo uso)
21,Masculino,Privada,7,Entre 6-9 horas,13,6,5,No participo en ninguna,0,7,Tiktok,1,15,7,Entretenimiento,4,4,No tiene efecto,3,Tarde (12 pm - 6pm),Sí,3,4,1,Entre 3-6 horas,Entre 3-6 horas,0 horas (no lo uso),0 horas (no lo uso)
19,Masculino,Pública,5,Entre 1-3 horas,12,3,7,Deportes,1,2,Instagram,2,7,5,Académico,3,3,Motiva,4,Noche(6pm-12 am),Sí,1,0,3,Entre 1-3 horas,Entre 3-6 horas,Entre 6-9 horas,Entre 6-9 horas
18,Masculino,Privada,3,Entre 1-3 horas,14,5,5,No participo en ninguna,12,6,Tiktok,1,11,7,Entretenimiento,2,4,Motiva,2,Tarde (12 pm - 6pm),Sí,3,0,4,Entre 1-3 horas,Entre 3-6 horas,0 horas (no lo uso),0 horas (no lo uso)
24,Femenino,Privada,4,Entre 1-3 horas,14,1,5,Voluntariado,1,4,Tiktok,24,4,7,Entretenimiento,4,1,Motiva,3,Tarde (12 pm - 6pm),Sí,3,0,5,0 horas (no lo uso),Entre 1-3 horas,0 horas (no lo uso),0 horas (no lo uso)
18,Masculino,Privada,4,Entre 1-3 horas,10,6,4,Deportes,2,6,Tiktok,3,4,5,Noticias,4,4,Motiva,4,Tarde (12 pm - 6pm),Sí,4,2,4,Entre 1-3 horas,Entre 1-3 horas,Entre 1-3 horas,Entre 1-3 horas
22,Femenino,Privada,1,Entre 3-6 horas,16,5,5,No participo en ninguna,0,8,Tiktok,1,50,7,Entretenimiento,5,1,No tiene efecto,1,Noche(6pm-12 am),Sí,4,3,3,Entre 1-3 horas,Entre 6-9 horas,0 horas (no lo uso),0 horas (no lo uso)
21,Masculino,Privada,2.3,Entre 6-9 horas,12,5,4,Voluntariado,15,7,Whatsapp,2,5,3,Académico,3,2,Motiva,3,Tarde (12 pm - 6pm),Sí,4,50,3,Entre 3-6 horas,Entre 6-9 horas,Entre 3-6 horas,Entre 1-3 horas
22,Femenino,Pública,2,Entre 3-6 horas,12.5,7,5,No participo en ninguna,1,5,Telegram,3,20,6,Entretenimiento,3,4,Desmotiva,4,Tarde (12 pm - 6pm),Sí,3,0,2,0 horas (no lo uso),0 horas (no lo uso),0 horas (no lo uso),Entre 3-6 horas
22,Femenino,Privada,2,Entre 3-6 horas,16,10,4,No participo en ninguna,3,6,Tiktok,5,10,7,Entretenimiento,5,3,No tiene efecto,4,Noche(6pm-12 am),Sí,4,2,4,Entre 3-6 horas,Entre 3-6 horas,Entre 1-3 horas,0 horas (no lo uso)
18,Masculino,Privada,2,Entre 3-6 horas,0,1,7,No participo en ninguna,2,6,Tiktok,2,10,7,Entretenimiento,4,3,No tiene efecto,3,Tarde (12 pm - 6pm),Sí,3,3,2,Entre 1-3 horas,Entre 3-6 horas,0 horas (no lo uso),0 horas (no lo uso)
18,Masculino,Privada,4,Entre 1-3 horas,12,3,6,No participo en ninguna,0,4,Tiktok,2,3,7,Entretenimiento,4,3,No tiene efecto,3,Tarde (12 pm - 6pm),Sí,3,3,2,Entre 1-3 horas,Entre 3-6 horas,0 horas (no lo uso),0 horas (no lo uso)
18,Masculino,Pública,3,Entre 3-6 horas,18,9,6,No participo en ninguna,3,6,Tiktok,3,20,7,Entretenimiento,4,5,Motiva,4,Noche(6pm-12 am),Sí,3,0,2,Entre 3-6 horas,Entre 3-6 horas,Entre 1-3 horas,Entre 1-3 horas
24,Masculino,Pública,6,Entre 1-3 horas,13.5,9,8,Voluntariado,6,7,Whatsapp,4,5,1,Socializar,5,3,No tiene efecto,1,Tarde (12 pm - 6pm),Sí,1,0,2,0 horas (no lo uso),0 horas (no lo uso),Entre 1-3 horas,0 horas (no lo uso)
21,Masculino,Privada,17,Entre 3-6 horas,16,5,5,Arte,3,4,Whatsapp,1,40,1,Entretenimiento,5,1,Motiva,4,Madrugada (12am-6am),Sí,4,2,4,0 horas (no lo uso),0 horas (no lo uso),0 horas (no lo uso),Entre 1-3 horas
18,Masculino,Privada,1,Entre 1-3 horas,15,3,5,Deportes,10,7,Whatsapp,4,30,7,Entretenimiento,2,4,Desmotiva,4,Noche(6pm-12 am),Sí,3,10,1,Entre 1-3 horas,Entre 1-3 horas,0 horas (no lo uso),0 horas (no lo uso)
23,Masculino,Privada,2,Entre 3-6 horas,14.4,8,7,Club Académico,1,7,Tiktok,0,10,7,Entretenimiento,4,4,Motiva,4,Madrugada (12am-6am),NA,4,2,3,Entre 1-3 horas,Entre 6-9 horas,Entre 1-3 horas,Entre 1-3 horas
18,Femenino,Privada,3,Entre 1-3 horas,15.85,3,6,No participo en ninguna,4,7,Tiktok,3,5,5,Académico,2,2,No tiene efecto,2,Noche(6pm-12 am),Sí,3,4,3,Entre 1-3 horas,Entre 1-3 horas,0 horas (no lo uso),0 horas (no lo uso)
20,Masculino,Privada,6.5,Entre 1-3 horas,13.5,4,3,No participo en ninguna,5,5,Tiktok,12,7,7,Socializar,4,1,No tiene efecto,1,Tarde (12 pm - 6pm),Sí,3,0,3,Entre 1-3 horas,Entre 1-3 horas,0 horas (no lo uso),0 horas (no lo uso)
24,Femenino,Privada,3,Entre 1-3 horas,17,9,8,Voluntariado,0,6,Whatsapp,1,10,7,Entretenimiento,3,5,Desmotiva,4,Tarde (12 pm - 6pm),Sí,3,3,3,Entre 1-3 horas,Entre 1-3 horas,Entre 1-3 horas,0 horas (no lo uso)
20,Masculino,Pública,6,Entre 1-3 horas,18,4,6,Música,5,5,X (Twitter),3,8,7,Entretenimiento,4,3,Motiva,4,Noche(6pm-12 am),Sí,4,0,3,0 horas (no lo uso),0 horas (no lo uso),0 horas (no lo uso),Entre 3-6 horas
19,Femenino,Privada,2,Entre 1-3 horas,10,5,4,Música,5,8,Tiktok,10,20,7,Entretenimiento,4,4,Motiva,4,Noche(6pm-12 am),Sí,2,1,4,Entre 1-3 horas,Entre 3-6 horas,0 horas (no lo uso),0 horas (no lo uso)
22,Femenino,Privada,5,Entre 6-9 horas,14,3,5,No participo en ninguna,2,6,Whatsapp,2,10,7,Académico,3,3,Motiva,4,Noche(6pm-12 am),Sí,4,2,5,Entre 1-3 horas,Entre 1-3 horas,0 horas (no lo uso),0 horas (no lo uso)
19,Femenino,Privada,4,Entre 1-3 horas,14,5,6,No participo en ninguna,2,6,Whatsapp,24,4,7,Entretenimiento,5,4,No tiene efecto,2,Noche(6pm-12 am),Sí,3,0,1,0 horas (no lo uso),0 horas (no lo uso),0 horas (no lo uso),0 horas (no lo uso)
22,Masculino,Privada,2.5,Entre 1-3 horas,13,5,7,Música,1,6,Whatsapp,2,15,2,Entretenimiento,2,2,No tiene efecto,2,Noche(6pm-12 am),Sí,3,10,1,0 horas (no lo uso),Entre 1-3 horas,0 horas (no lo uso),Entre 1-3 horas
20,Masculino,Pública,2,Entre 1-3 horas,7,3,2,Música,10,8,Whatsapp,6,6,5,Entretenimiento,1,3,Motiva,1,Noche(6pm-12 am),Sí,1,0,4,Entre 1-3 horas,Entre 1-3 horas,0 horas (no lo uso),0 horas (no lo uso)
23,Masculino,Pública,6,Entre 3-6 horas,17,10,6,Club Académico,3,6,X (Twitter),3,30,5,Noticias,5,1,Motiva,2,Tarde (12 pm - 6pm),Sí,5,1,2,Entre 1-3 horas,0 horas (no lo uso),Entre 9-12 horas,Entre 9-12 horas
19,Masculino,Privada,8.5,Entre 1-3 horas,17.2,2,5,No participo en ninguna,3,6,Whatsapp,24,0,0,Académico,4,4,Motiva,5,Noche(6pm-12 am),Sí,4,2,4,0 horas (no lo uso),0 horas (no lo uso),0 horas (no lo uso),0 horas (no lo uso)
18,Femenino,Privada,12,Entre 1-3 horas,15.2,3,5,Deportes,2,5,Whatsapp,3,12,4,Entretenimiento,3,2,Motiva,4,Noche(6pm-12 am),Sí,4,12,3,Entre 1-3 horas,Entre 1-3 horas,0 horas (no lo uso),0 horas (no lo uso)
20,Masculino,Pública,15,Entre 1-3 horas,11,4,5,Deportes,21,8,Otro,1,NA,6,Académico,5,2,No tiene efecto,1,Noche(6pm-12 am),Sí,3,45,3,Entre 1-3 horas,0 horas (no lo uso),0 horas (no lo uso),0 horas (no lo uso)
21,Femenino,Privada,3,Entre 1-3 horas,17,5,5,Club Académico,3,8,Tiktok,4,7,7,Entretenimiento,5,2,No tiene efecto,1,Noche(6pm-12 am),Sí,4,5,3,Entre 1-3 horas,Entre 3-6 horas,Entre 1-3 horas,0 horas (no lo uso)
18,Femenino,Privada,2,Entre 3-6 horas,17.5,10,3,No participo en ninguna,0,5,Whatsapp,2,10,5,Entretenimiento,3,3,No tiene efecto,2,Noche(6pm-12 am),Sí,4,10,3,Entre 1-3 horas,Entre 1-3 horas,0 horas (no lo uso),0 horas (no lo uso)
20,Masculino,Pública,2,Entre 6-9 horas,14.21,6,7,Deportes,8,5,Whatsapp,1,20,7,Entretenimiento,5,2,No tiene efecto,1,Mañana (6am-11:59 am),Sí,4,2,2,Entre 3-6 horas,Entre 1-3 horas,0 horas (no lo uso),0 horas (no lo uso)
18,Femenino,Privada,7,Entre 6-9 horas,17,2,6,Voluntariado,1,6,Instagram,3,5,7,Noticias,5,3,Motiva,4,Noche(6pm-12 am),Sí,5,20,5,Entre 3-6 horas,Entre 1-3 horas,0 horas (no lo uso),Entre 1-3 horas
22,Femenino,Pública,5.5,Entre 9-12 horas,14.56,4,6,Arte,4,8,Tiktok,3,5,7,Noticias,4,3,No tiene efecto,3,Noche(6pm-12 am),Sí,4,4,4,Entre 3-6 horas,Entre 9-12 horas,0 horas (no lo uso),Entre 6-9 horas
23,Femenino,Privada,3.15,Entre 3-6 horas,13,4,4,Deportes,0,5,Tiktok,5,5,7,Entretenimiento,4,4,No tiene efecto,4,Noche(6pm-12 am),Sí,1,3,3,Entre 1-3 horas,Entre 9-12 horas,0 horas (no lo uso),0 horas (no lo uso)
19,Masculino,Privada,2.5,Entre 3-6 horas,14,3,6,No participo en ninguna,5,6,Whatsapp,5,5,5,Noticias,4,3,Motiva,3,Tarde (12 pm - 6pm),Sí,3,5,3,Entre 1-3 horas,Entre 1-3 horas,0 horas (no lo uso),0 horas (no lo uso)
21,Masculino,Pública,3,Entre 3-6 horas,9.1,4,8,Deportes,8,7,Otro,12,2,7,Socializar,5,1,No tiene efecto,3,Noche(6pm-12 am),Sí,5,0,1,0 horas (no lo uso),0 horas (no lo uso),0 horas (no lo uso),0 horas (no lo uso)
19,Femenino,Privada,6,0 horas (no lo uso),14.58,5,5,No participo en ninguna,9,7,Tiktok,7,6,7,Socializar,5,4,No tiene efecto,3,Tarde (12 pm - 6pm),Sí,3,3,3,Entre 1-3 horas,Entre 3-6 horas,0 horas (no lo uso),0 horas (no lo uso)
18,Masculino,Privada,2,Entre 3-6 horas,14,7,6,Deportes,5,8,Whatsapp,3,1,7,Entretenimiento,5,1,Motiva,1,Tarde (12 pm - 6pm),Sí,5,2,3,Entre 3-6 horas,Entre 3-6 horas,0 horas (no lo uso),0 horas (no lo uso)
19,Masculino,Pública,3,Entre 3-6 horas,16,5,3,Deportes,10,7,Whatsapp,2,100,7,Noticias,4,5,No tiene efecto,2,Noche(6pm-12 am),Sí,3,15,3,Entre 1-3 horas,Entre 3-6 horas,0 horas (no lo uso),0 horas (no lo uso)
18,Masculino,Privada,NA,NA,6.9,7,6,Voluntariado,6,6,Otro,6,0,6,Académico,1,1,Motiva,1,Mañana (6am-11:59 am),No,5,0,1,NA,NA,NA,NA
26,Masculino,Privada,1,Entre 1-3 horas,16,10,2,Deportes,2,6,Tiktok,5,15,7,Noticias,4,3,No tiene efecto,4,Noche(6pm-12 am),Sí,4,5,3,Entre 1-3 horas,Entre 1-3 horas,Entre 1-3 horas,0 horas (no lo uso)
19,Femenino,Privada,6,Entre 3-6 horas,17.4,3,6,No participo en ninguna,21,6,Tiktok,10,0,7,Académico,3,2,No tiene efecto,5,Tarde (12 pm - 6pm),Sí,5,6,5,Entre 1-3 horas,Entre 1-3 horas,0 horas (no lo uso),0 horas (no lo uso)
23,Femenino,Privada,6.5,Entre 6-9 horas,14.56,7,6,Voluntariado,2,6,Whatsapp,3,10,7,Entretenimiento,4,2,Motiva,5,Noche(6pm-12 am),Sí,3,20,3,Entre 1-3 horas,Entre 1-3 horas,0 horas (no lo uso),0 horas (no lo uso)
23,Masculino,Privada,8,Entre 3-6 horas,16,4,6,Deportes,6,6,Tiktok,2,10,7,Académico,4,4,Motiva,5,Noche(6pm-12 am),Sí,4,3,4,0 horas (no lo uso),Entre 1-3 horas,0 horas (no lo uso),0 horas (no lo uso)
21,Femenino,Privada,4,Entre 3-6 horas,14,3,4,No participo en ninguna,9,6,Otro,4,3,4,Entretenimiento,3,4,No tiene efecto,3,Noche(6pm-12 am),Sí,3,0,4,Entre 1-3 horas,Entre 1-3 horas,0 horas (no lo uso),0 horas (no lo uso)
18,Masculino,Privada,1.5,Entre 1-3 horas,15.33,3,6,Voluntariado,0,6,Instagram,3,8,7,Entretenimiento,4,4,No tiene efecto,3,Noche(6pm-12 am),Sí,3,3,2,Entre 3-6 horas,0 horas (no lo uso),0 horas (no lo uso),0 horas (no lo uso)
19,Masculino,Privada,1.5,Entre 3-6 horas,15.1,5,6,No participo en ninguna,3,7,Instagram,4,5,7,Entretenimiento,4,3,No tiene efecto,4,Tarde (12 pm - 6pm),Sí,4,0,4,Entre 1-3 horas,0 horas (no lo uso),0 horas (no lo uso),0 horas (no lo uso)
22,Femenino,Privada,6,Entre 3-6 horas,13,8,7,No participo en ninguna,0,8,Whatsapp,3,4,7,Entretenimiento,4,4,No tiene efecto,3,Noche(6pm-12 am),Sí,4,22,2,Entre 1-3 horas,Entre 1-3 horas,0 horas (no lo uso),0 horas (no lo uso)
18,Femenino,Pública,2,Entre 1-3 horas,0,1,6,Arte,2,5,X (Twitter),5,15,6,Entretenimiento,5,4,No tiene efecto,2,Noche(6pm-12 am),Sí,4,1,4,Entre 1-3 horas,Entre 1-3 horas,0 horas (no lo uso),Entre 1-3 horas
22,Femenino,Privada,6,Entre 1-3 horas,13,6,5,Voluntariado,2,6,Whatsapp,2,6,5,Académico,1,3,Motiva,5,Noche(6pm-12 am),Sí,4,3,5,0 horas (no lo uso),Entre 1-3 horas,0 horas (no lo uso),0 horas (no lo uso)
19,Masculino,Privada,12,Entre 3-6 horas,18,5,5,No participo en ninguna,2,3,Instagram,0,50,7,Entretenimiento,5,1,No tiene efecto,3,Tarde (12 pm - 6pm),No,5,12,5,Entre 1-3 horas,Entre 3-6 horas,0 horas (no lo uso),0 horas (no lo uso)
19,Masculino,Privada,3,Entre 1-3 horas,15,5,7,No participo en ninguna,9,5,Whatsapp,2,30,7,Entretenimiento,4,5,Desmotiva,4,Tarde (12 pm - 6pm),Sí,4,0,3,0 horas (no lo uso),0 horas (no lo uso),0 horas (no lo uso),0 horas (no lo uso)
18,Femenino,Pública,6,Entre 1-3 horas,14,8,6,Deportes,4,6,Whatsapp,5,8,7,Entretenimiento,5,4,No tiene efecto,3,Noche(6pm-12 am),Sí,3,4,2,0 horas (no lo uso),Entre 1-3 horas,0 horas (no lo uso),0 horas (no lo uso)
22,Masculino,Privada,8,Entre 1-3 horas,14,5,4,Voluntariado,2,7,Whatsapp,3,10,7,Académico,4,4,Motiva,4,Noche(6pm-12 am),Sí,3,1,4,Entre 1-3 horas,NA,Entre 1-3 horas,0 horas (no lo uso)
21,Masculino,Privada,3.5,Entre 1-3 horas,20,1,6,No participo en ninguna,2,6,Whatsapp,1,2,3,Entretenimiento,5,4,Motiva,4,Noche(6pm-12 am),Sí,3,7,4,0 horas (no lo uso),Entre 1-3 horas,0 horas (no lo uso),0 horas (no lo uso)
23,Masculino,Privada,3,Entre 6-9 horas,12,6,4,No participo en ninguna,3,7,Whatsapp,1,10,7,Académico,4,5,No tiene efecto,3,Tarde (12 pm - 6pm),Sí,3,10,3,0 horas (no lo uso),0 horas (no lo uso),0 horas (no lo uso),0 horas (no lo uso)
25,Femenino,Privada,1.5,Entre 9-12 horas,13,9,4,No participo en ninguna,3,5,Tiktok,1,10,7,Entretenimiento,5,5,No tiene efecto,5,Noche(6pm-12 am),Sí,5,0,1,Entre 1-3 horas,Entre 1-3 horas,Entre 1-3 horas,0 horas (no lo uso)
20,Masculino,Privada,4,Entre 1-3 horas,15.7,7,5,Deportes,4,6,Whatsapp,3,6,7,Entretenimiento,4,3,Desmotiva,4,Noche(6pm-12 am),Sí,4,2,4,Entre 1-3 horas,0 horas (no lo uso),0 horas (no lo uso),Entre 1-3 horas
20,Femenino,Privada,2,Entre 1-3 horas,17.5,7,6,No participo en ninguna,2,6,Whatsapp,3,5,7,Entretenimiento,5,3,No tiene efecto,3,Noche(6pm-12 am),No,4,3,2,Entre 1-3 horas,Entre 1-3 horas,0 horas (no lo uso),0 horas (no lo uso)
19,Masculino,Privada,3,Entre 1-3 horas,15,5,5,Deportes,3,8,Whatsapp,3,3,4,Entretenimiento,3,3,No tiene efecto,3,Noche(6pm-12 am),No,3,50,3,Entre 1-3 horas,Entre 1-3 horas,Entre 1-3 horas,Entre 1-3 horas
23,Femenino,Privada,5,Entre 3-6 horas,19,10,4,Voluntariado,5,6,Whatsapp,24,5,7,Entretenimiento,5,4,No tiene efecto,3,Noche(6pm-12 am),Sí,5,2,3,Entre 1-3 horas,Entre 3-6 horas,0 horas (no lo uso),0 horas (no lo uso)
